Influencer ID,Platform,Follower Count,Engagement Rate (%),Post Date,Product ID,Units Sold,Revenue ($),Sales Spike,Campaign Cost ($),ROI (%)
INF0001,Instagram,116830,7.08,28-06-2024,PROD014,439,41266,No,1589,37.64809779
INF0002,Instagram,282152,7.09,05-08-2024,PROD018,475,8075,Yes,1784,286.04
INF0003,YouTube,653717,3.44,21-11-2023,PROD010,123,11070,Yes,3128,439.11
INF0004,Instagram,399178,5.84,14-11-2024,PROD001,180,18000,No,1827,34.2906022
INF0005,TikTok,50224,2.41,22-06-2024,PROD006,150,10050,No,4195,43.66768638
INF0006,TikTok,748243,7.13,17-01-2024,PROD007,411,8631,No,2983,33.78277823
INF0007,Instagram,331949,2.53,01-06-2024,PROD005,130,4290,Yes,537,678.8
INF0008,Instagram,364817,8.66,24-08-2024,PROD019,305,10370,No,4913,37.72353792
INF0009,TikTok,578181,1.75,24-10-2024,PROD007,134,5092,Yes,2130,128.13
INF0010,Instagram,758336,6.15,08-08-2024,PROD020,468,45396,No,754,43.74044666
INF0011,YouTube,241825,6.35,01-09-2024,PROD016,256,24320,No,4497,43.27906045
INF0012,YouTube,315370,5.21,06-10-2024,PROD005,249,4233,Yes,2560,85.93
INF0013,TikTok,874092,7.18,06-02-2024,PROD014,483,17388,Yes,771,352.98
INF0014,Instagram,576629,9.1,01-03-2024,PROD005,389,10892,No,3174,18.60537748
INF0015,TikTok,539716,3.89,22-04-2024,PROD019,427,5551,No,2474,14.48128883
INF0016,Instagram,183861,3.36,12-02-2024,PROD009,415,16185,No,2625,45.19461551
INF0017,Instagram,381659,3.34,24-05-2024,PROD002,342,26676,Yes,4668,2052
INF0018,Instagram,994203,5.88,28-10-2024,PROD016,449,16613,Yes,2598,388.97
INF0019,YouTube,887034,5.84,20-09-2024,PROD018,87,7047,No,4878,38.08145306
INF0020,Instagram,419215,1.45,29-12-2023,PROD016,302,19932,Yes,4916,464.83
INF0021,YouTube,107802,8.97,15-08-2024,PROD015,362,10498,Yes,3684,274.6
INF0022,YouTube,566499,5.64,23-10-2024,PROD019,356,25632,Yes,1645,649.4
INF0023,Instagram,63520,8.8,04-06-2024,PROD003,258,20640,No,2977,43.88726029
INF0024,TikTok,170396,7.41,08-01-2024,PROD010,80,2560,Yes,521,65.79
INF0025,YouTube,379418,6.84,29-04-2024,PROD010,332,32204,Yes,4518,1408.75
INF0026,TikTok,35616,2.52,03-01-2024,PROD016,249,23655,No,4462,42.31984839
INF0027,Instagram,521666,4.4,28-01-2024,PROD013,373,3730,Yes,3909,89.73
INF0028,YouTube,992337,9.71,29-12-2023,PROD019,162,16200,No,2220,20.82538051
INF0029,YouTube,157554,7.27,12-03-2024,PROD008,479,37841,No,4157,4.378182066
INF0030,TikTok,49784,3.39,31-10-2024,PROD011,184,9384,No,888,16.4322512
INF0031,Instagram,893580,1.34,31-12-2023,PROD016,90,8370,No,2198,17.36168804
INF0032,YouTube,837509,8.72,25-12-2023,PROD009,381,7239,Yes,1351,149.01
INF0033,Instagram,96842,3.3,21-11-2023,PROD002,65,4355,No,3245,2.687952834
INF0034,TikTok,685797,5.07,04-09-2024,PROD019,321,5778,Yes,4757,239.25
INF0035,TikTok,918110,9.21,20-05-2024,PROD007,104,2392,No,2137,19.78474693
INF0036,Instagram,992176,8.94,10-10-2024,PROD007,360,33480,Yes,3470,1561.57
INF0037,Instagram,314402,8.7,03-05-2024,PROD001,208,20176,No,3286,3.054619548
INF0038,YouTube,343870,9.75,06-09-2024,PROD018,270,14850,Yes,2660,363.08
INF0039,YouTube,790724,4.75,30-01-2024,PROD015,109,3924,Yes,1784,135.97
INF0040,TikTok,518876,1.45,20-05-2024,PROD009,69,6072,No,2263,43.4223811
INF0041,TikTok,867963,4.15,19-05-2024,PROD014,188,9400,Yes,2465,213.83
INF0042,YouTube,142317,9.94,03-03-2024,PROD002,83,2490,Yes,3353,53.76
INF0043,YouTube,136399,8.1,15-09-2024,PROD017,55,1705,Yes,4612,58.27
INF0044,TikTok,86164,9.01,02-02-2024,PROD001,402,26532,No,3902,24.49089375
INF0045,Instagram,207288,9.1,05-08-2024,PROD011,122,11224,No,729,22.63525536
INF0046,TikTok,371392,4.99,09-02-2024,PROD014,335,14070,Yes,3967,308.21
INF0047,Instagram,548035,2.71,09-04-2024,PROD011,466,43338,No,4555,3.701304013
INF0048,Instagram,480731,1.95,14-04-2024,PROD006,281,4215,No,2812,46.52656503
INF0049,YouTube,914876,7,17-09-2024,PROD012,351,9126,Yes,4252,236.42
INF0050,YouTube,825680,7.44,18-06-2024,PROD013,296,25752,Yes,3940,918.73
INF0051,TikTok,45335,1.32,08-06-2024,PROD017,78,6630,Yes,1954,162.7
INF0052,YouTube,104481,3.26,26-08-2024,PROD005,205,20090,Yes,4422,1148.66
INF0053,YouTube,454854,4.22,11-11-2024,PROD020,373,22380,No,1173,28.95059032
INF0054,Instagram,826660,1.34,19-09-2024,PROD015,232,8816,No,4288,18.30018433
INF0055,Instagram,718210,8.84,28-10-2024,PROD008,107,8025,No,2388,25.53097276
INF0056,TikTok,882498,5.36,30-12-2023,PROD019,368,34224,Yes,3075,953.58
INF0057,TikTok,783286,2.99,02-10-2024,PROD004,90,2160,No,1083,17.45750798
INF0058,Instagram,292266,5.01,08-01-2024,PROD001,325,9425,Yes,2431,508.91
INF0059,YouTube,701757,7.96,24-11-2023,PROD005,238,7378,Yes,4287,165.46
INF0060,TikTok,462731,5.76,02-08-2024,PROD001,433,34207,No,4402,47.23843512
INF0061,Instagram,623578,5.02,01-12-2023,PROD019,126,5922,No,1043,7.546917199
INF0062,TikTok,829339,6.18,24-11-2023,PROD006,436,25288,No,3864,32.20508376
INF0063,Instagram,865130,1.97,22-03-2024,PROD002,241,15906,No,3018,41.26911656
INF0064,TikTok,13381,6.62,01-10-2024,PROD004,403,38688,Yes,4271,886.12
INF0065,Instagram,760547,1.47,31-05-2024,PROD003,245,15680,Yes,755,505.32
INF0066,TikTok,65699,2.39,11-12-2023,PROD011,410,27470,No,551,11.33062158
INF0067,TikTok,352454,5.38,03-08-2024,PROD020,187,16643,No,4228,49.46877193
INF0068,TikTok,133508,7.32,19-12-2023,PROD004,498,15936,Yes,2281,345.83
INF0069,Instagram,839284,8.41,22-10-2024,PROD003,384,13056,No,2541,45.90105813
INF0070,YouTube,353689,2.95,15-09-2024,PROD005,488,9760,No,2818,6.336817506
INF0071,TikTok,76238,3.18,21-11-2023,PROD016,481,17316,Yes,4245,863.64
INF0072,Instagram,822564,7.33,06-08-2024,PROD006,475,47025,No,4781,40.63691614
INF0073,TikTok,550680,1.27,08-05-2024,PROD001,422,21522,Yes,2557,578.7
INF0074,YouTube,442621,2.13,21-02-2024,PROD004,354,7788,No,3870,31.87048443
INF0075,YouTube,26289,7.36,29-11-2023,PROD008,51,4845,No,3379,29.46311328
INF0076,Instagram,77807,4.61,06-12-2023,PROD004,484,19360,Yes,3583,530.7
INF0077,TikTok,771790,1.98,25-03-2024,PROD010,370,30340,Yes,2144,1667.03
INF0078,TikTok,631437,3.53,21-11-2023,PROD002,235,21150,No,4840,5.655456243
INF0079,Instagram,476405,7.16,02-01-2024,PROD012,100,5200,No,1181,15.8150227
INF0080,YouTube,214074,3.97,06-06-2024,PROD018,247,15067,No,4667,1.34728424
INF0081,Instagram,922425,8.48,20-06-2024,PROD007,142,8520,No,2521,22.01576953
INF0082,Instagram,718824,2.78,12-07-2024,PROD011,384,38400,No,3773,5.965699596
INF0083,Instagram,232760,7.08,03-08-2024,PROD015,191,5348,Yes,4196,465.45
INF0084,TikTok,278859,8.44,17-11-2023,PROD009,297,2970,Yes,1002,120.05
INF0085,TikTok,263557,6.32,07-09-2024,PROD016,401,24862,Yes,2923,908.04
INF0086,TikTok,72636,9.95,14-03-2024,PROD012,442,41990,Yes,4873,860.8
INF0087,YouTube,882293,9.93,22-07-2024,PROD007,130,2730,No,3673,49.22954848
INF0088,Instagram,45282,4.93,09-02-2024,PROD018,293,8204,Yes,1324,188.64
INF0089,Instagram,957507,5.12,27-04-2024,PROD012,294,12642,Yes,3418,2426.49
INF0090,TikTok,616750,6.31,19-09-2024,PROD005,261,8874,No,1763,29.53081254
INF0091,Instagram,41066,7.1,29-07-2024,PROD016,271,13550,Yes,2348,1666.67
INF0092,TikTok,777274,4.08,12-06-2024,PROD006,399,11172,No,1593,10.91099443
INF0093,TikTok,943894,2.41,26-02-2024,PROD004,267,13083,Yes,4157,755.81
INF0094,Instagram,994599,8.73,19-08-2024,PROD001,422,24476,No,638,18.83236346
INF0095,Instagram,601589,2.83,18-03-2024,PROD009,275,19250,No,3333,33.16444091
INF0096,Instagram,853248,3.46,19-11-2023,PROD003,176,12320,Yes,737,319.01
INF0097,TikTok,255004,6.58,04-05-2024,PROD012,109,4142,Yes,2733,153.92
INF0098,TikTok,356996,3.92,04-03-2024,PROD007,116,10440,No,2158,10.05027148
INF0099,TikTok,196930,6.91,04-10-2024,PROD017,325,16250,No,3666,2.609668258
INF0100,TikTok,659716,7.17,09-05-2024,PROD013,388,32204,Yes,4681,1705.72
INF0101,Instagram,968748,2.32,28-10-2024,PROD015,356,18156,Yes,3492,906.44
INF0102,TikTok,88012,4.91,29-01-2024,PROD014,280,12880,Yes,705,380.61
INF0103,TikTok,609252,6.03,26-01-2024,PROD012,91,7826,Yes,2099,408.46
INF0104,Instagram,900138,2.35,05-04-2024,PROD003,265,8745,Yes,3865,187.1
INF0105,YouTube,266610,4.97,09-04-2024,PROD011,75,5925,No,4703,17.95546026
INF0106,Instagram,684550,9.64,08-05-2024,PROD004,121,5566,Yes,562,271.38
INF0107,YouTube,15529,1.39,30-08-2024,PROD011,443,30567,No,1842,45.06988173
INF0108,TikTok,943747,6.2,29-01-2024,PROD010,88,2464,No,2687,29.71469195
INF0109,Instagram,177750,5.62,08-10-2024,PROD017,155,14570,No,4838,8.701309672
INF0110,Instagram,808243,3.03,29-01-2024,PROD020,332,9296,Yes,1130,280.08
INF0111,Instagram,22395,4.85,26-12-2023,PROD006,80,2720,No,4396,12.35492882
INF0112,TikTok,591923,5.28,18-02-2024,PROD004,500,10000,Yes,4759,261.64
INF0113,Instagram,855647,6.8,15-01-2024,PROD013,144,1872,Yes,3354,88.85
INF0114,TikTok,475471,2.73,06-07-2024,PROD007,494,15808,No,3823,26.55927893
INF0115,YouTube,662470,2.1,12-01-2024,PROD017,156,2028,Yes,4309,156
INF0116,Instagram,887688,6.33,01-03-2024,PROD010,168,12600,No,1447,28.44189681
INF0117,Instagram,882344,1.03,09-11-2024,PROD012,97,6305,No,2691,20.95783016
INF0118,Instagram,92581,8.43,24-09-2024,PROD004,458,19694,Yes,2204,404.15
INF0119,Instagram,589126,4.84,10-07-2024,PROD008,395,36735,No,4891,18.03796779
INF0120,TikTok,226824,3.66,03-09-2024,PROD008,313,26292,No,3742,3.73502433
INF0121,Instagram,310470,9.02,03-07-2024,PROD013,119,4046,No,4107,31.66252244
INF0122,Instagram,206928,1.11,09-01-2024,PROD019,305,15860,No,658,45.10136492
INF0123,YouTube,148296,7.52,05-12-2023,PROD017,454,34050,No,1184,4.796162242
INF0124,Instagram,606830,2.97,25-02-2024,PROD015,449,17062,No,2056,47.70297868
INF0125,Instagram,101545,9.1,11-07-2024,PROD007,58,5626,No,632,12.31344045
INF0126,TikTok,146594,2.88,27-08-2024,PROD002,388,23280,Yes,1180,1135.06
INF0127,YouTube,954439,3.28,06-08-2024,PROD004,160,5280,Yes,842,158.18
INF0128,YouTube,726896,4.02,29-01-2024,PROD007,100,5800,Yes,3904,473.47
INF0129,TikTok,885898,4.07,18-01-2024,PROD006,88,8272,Yes,4057,195.05
INF0130,Instagram,24933,5.29,30-07-2024,PROD004,324,31104,Yes,3750,831.21
INF0131,YouTube,23126,2.76,05-08-2024,PROD012,379,31457,No,688,5.312426568
INF0132,YouTube,432110,7.09,24-08-2024,PROD008,271,10840,No,2750,35.45623085
INF0133,YouTube,411875,7.77,24-04-2024,PROD015,351,10881,Yes,4308,233.6
INF0134,Instagram,743139,9.13,05-03-2024,PROD005,177,12390,Yes,1352,383.24
INF0135,TikTok,856535,8.69,13-02-2024,PROD001,356,12104,Yes,3552,278.32
INF0136,Instagram,228343,6.4,24-09-2024,PROD004,429,15015,No,1762,39.30443272
INF0137,Instagram,240312,9.37,13-11-2024,PROD018,392,22344,No,3690,7.028479835
INF0138,YouTube,917308,7.2,25-02-2024,PROD011,200,19800,Yes,2442,474.71
INF0139,YouTube,70221,7.37,27-05-2024,PROD017,392,26656,Yes,3186,641.23
INF0140,YouTube,331699,3.78,25-09-2024,PROD016,230,6440,No,2366,5.825802669
INF0141,YouTube,44986,2.89,29-04-2024,PROD011,223,7805,Yes,3583,232.36
INF0142,Instagram,937631,1.51,21-12-2023,PROD018,468,20124,No,1440,45.37587296
INF0143,TikTok,179430,9.76,16-09-2024,PROD016,119,1547,No,4354,13.95177152
INF0144,TikTok,754076,3.49,23-12-2023,PROD001,193,11773,No,3579,35.11688289
INF0145,TikTok,608598,1.52,06-05-2024,PROD014,141,10575,Yes,1487,220.17
INF0146,Instagram,794053,6.97,25-03-2024,PROD009,346,14878,No,809,47.3503747
INF0147,Instagram,946323,6.87,18-01-2024,PROD001,373,26856,No,3918,42.97735941
INF0148,TikTok,15813,2.28,26-09-2024,PROD015,58,4756,No,3552,19.67302456
INF0149,Instagram,982365,3.92,19-10-2024,PROD012,278,9174,Yes,2511,240.6
INF0150,TikTok,395675,3.15,10-08-2024,PROD006,325,12025,Yes,3324,448.53
INF0151,TikTok,977600,7.68,02-05-2024,PROD007,146,12702,No,4601,31.92092499
INF0152,TikTok,228780,4.86,02-12-2023,PROD003,185,12025,No,1896,40.2893437
INF0153,TikTok,594951,3.35,02-08-2024,PROD001,124,4464,No,3359,22.00083078
INF0154,YouTube,559880,6.45,06-09-2024,PROD013,133,1463,Yes,4658,32.26
INF0155,Instagram,867545,2.25,20-11-2023,PROD012,192,10176,No,2106,16.95150414
INF0156,TikTok,479444,7.23,15-01-2024,PROD014,362,17014,No,2273,49.33281256
INF0157,TikTok,38637,4.75,16-01-2024,PROD020,443,41199,Yes,2510,1742.77
INF0158,TikTok,861522,3.37,11-07-2024,PROD001,427,10675,No,1232,25.99493443
INF0159,Instagram,886254,7.71,06-08-2024,PROD002,395,4345,Yes,2286,250.29
INF0160,YouTube,119666,8.12,21-03-2024,PROD013,130,7280,Yes,3689,301.45
INF0161,Instagram,239419,9.93,11-02-2024,PROD017,424,19504,No,3586,3.569833336
INF0162,YouTube,938192,6.9,16-03-2024,PROD016,332,30876,No,3051,12.80699951
INF0163,YouTube,276905,2.19,06-05-2024,PROD016,462,9240,Yes,3422,215.38
INF0164,YouTube,280448,5.45,06-06-2024,PROD004,77,3311,No,3291,1.739579611
INF0165,Instagram,78158,5.88,23-11-2023,PROD003,178,17266,Yes,4060,357.62
INF0166,TikTok,980965,3.58,24-02-2024,PROD012,493,28594,Yes,1451,4412.65
INF0167,YouTube,814465,8.95,28-05-2024,PROD012,98,6762,Yes,1793,269.4
INF0168,TikTok,527843,1.98,04-12-2023,PROD002,84,6468,No,4421,24.37358521
INF0169,YouTube,772544,9.34,12-10-2024,PROD002,344,33368,No,2114,22.71089898
INF0170,Instagram,180258,3.91,07-03-2024,PROD001,137,6850,Yes,2373,324.18
INF0171,YouTube,146294,8.83,17-09-2024,PROD009,480,30240,Yes,552,4005.3
INF0172,Instagram,852567,3.68,15-09-2024,PROD003,466,8388,Yes,641,415.25
INF0173,Instagram,131490,5.33,09-05-2024,PROD004,360,27000,No,2701,10.70198237
INF0174,TikTok,425764,9.27,15-05-2024,PROD003,88,1496,Yes,4973,34.65
INF0175,YouTube,579890,2.55,19-03-2024,PROD008,232,22272,No,3417,38.00909842
INF0176,Instagram,941438,5.5,10-11-2024,PROD015,345,20700,No,1580,31.52211122
INF0177,TikTok,156384,7.51,04-08-2024,PROD013,460,13800,Yes,1179,612.24
INF0178,YouTube,974802,6.44,29-04-2024,PROD009,148,13764,Yes,4853,547.93
INF0179,YouTube,366294,9.77,02-04-2024,PROD013,121,7502,No,4927,16.87522675
INF0180,TikTok,436991,4.53,03-01-2024,PROD008,457,27420,Yes,1229,1891.03
INF0181,YouTube,210172,1.33,05-08-2024,PROD009,110,5940,Yes,4955,363.08
INF0182,TikTok,336890,8.49,21-08-2024,PROD012,86,1892,Yes,3148,40.73
INF0183,Instagram,735267,3.22,21-02-2024,PROD016,270,10800,No,977,0.464203807
INF0184,TikTok,289314,5.34,18-03-2024,PROD003,73,2263,No,1851,28.37245728
INF0185,Instagram,116622,3.5,07-03-2024,PROD006,138,7728,No,4287,5.524077507
INF0186,Instagram,252350,3.96,22-02-2024,PROD009,395,18170,Yes,866,1717.39
INF0187,Instagram,310848,3.16,28-11-2023,PROD003,385,4235,Yes,3833,152.34
INF0188,Instagram,762237,2.98,15-05-2024,PROD018,189,13041,Yes,757,261.03
INF0189,Instagram,204453,5.71,21-03-2024,PROD009,87,957,Yes,3891,67.97
INF0190,TikTok,644908,3.53,25-04-2024,PROD002,375,12375,Yes,3738,624.05
INF0191,Instagram,913608,7.47,08-04-2024,PROD020,493,16762,No,4184,13.66992361
INF0192,Instagram,237638,9.88,02-08-2024,PROD007,427,30317,No,3686,26.63510876
INF0193,YouTube,213791,4.85,01-09-2024,PROD004,314,12560,No,2510,15.06841373
INF0194,Instagram,144776,6.96,11-07-2024,PROD002,238,17136,Yes,1225,394.02
INF0195,Instagram,708391,4.46,18-12-2023,PROD009,277,10803,No,3230,3.054458794
INF0196,Instagram,578924,1.79,12-01-2024,PROD017,282,20868,No,1266,14.06742614
INF0197,TikTok,296228,6.12,29-12-2023,PROD014,65,3770,Yes,2372,105.04
INF0198,Instagram,112932,4.68,29-02-2024,PROD005,314,21666,No,1960,16.85982652
INF0199,Instagram,839726,7.98,30-04-2024,PROD020,223,6244,Yes,4774,341.2
INF0200,Instagram,106729,2.62,10-02-2024,PROD017,385,16555,No,735,20.92315095
INF0201,YouTube,531763,8.64,16-01-2024,PROD015,477,43407,Yes,2083,4019.17
INF0202,YouTube,917360,2.25,23-01-2024,PROD005,94,2350,No,4098,13.04327002
INF0203,Instagram,904607,7.71,02-10-2024,PROD003,189,17766,Yes,3914,635.64
INF0204,Instagram,361916,3.84,23-02-2024,PROD004,270,8910,Yes,4491,190.1
INF0205,YouTube,382616,9.55,20-03-2024,PROD009,143,10725,Yes,3933,225.46
INF0206,Instagram,520000,1.98,03-07-2024,PROD003,424,30104,Yes,4126,2115.53
INF0207,TikTok,812764,2.12,25-11-2023,PROD004,256,3584,No,4073,25.92854456
INF0208,Instagram,584118,3.83,17-06-2024,PROD005,367,9175,No,3399,18.01607969
INF0209,YouTube,563128,6.66,13-06-2024,PROD018,162,9072,Yes,4611,202.5
INF0210,YouTube,643427,6,30-12-2023,PROD014,272,19584,No,1156,32.00688347
INF0211,TikTok,648708,6.22,05-08-2024,PROD002,259,12432,Yes,1863,1058.04
INF0212,Instagram,758728,4.26,14-09-2024,PROD018,206,4944,Yes,4795,895.65
INF0213,Instagram,283722,7.65,09-05-2024,PROD016,421,18103,No,1190,0.017863424
INF0214,Instagram,35843,2.58,26-11-2023,PROD016,475,33250,No,1979,18.25220227
INF0215,TikTok,772061,9.14,22-07-2024,PROD017,286,26026,No,2289,10.68202426
INF0216,Instagram,893250,4.5,27-02-2024,PROD013,102,10200,No,1773,42.2441083
INF0217,YouTube,902225,3.76,03-09-2024,PROD014,246,19680,Yes,1845,639.38
INF0218,TikTok,921973,5.71,06-07-2024,PROD009,248,12152,No,4294,32.99810305
INF0219,YouTube,604919,6.92,10-09-2024,PROD006,365,22995,Yes,3919,568.62
INF0220,YouTube,935775,1.34,10-03-2024,PROD010,458,4580,Yes,4213,96.95
INF0221,Instagram,108579,4.83,26-03-2024,PROD010,54,2430,No,2033,21.2624177
INF0222,Instagram,490744,6.16,18-11-2023,PROD006,71,3976,No,1653,49.93878825
INF0223,Instagram,25786,6.63,25-10-2024,PROD019,368,6256,No,761,12.46594749
INF0224,TikTok,149946,4.42,13-09-2024,PROD017,453,13590,Yes,1364,737.79
INF0225,YouTube,762028,4.93,26-03-2024,PROD007,171,2223,Yes,3233,59.47
INF0226,TikTok,953674,3.42,23-05-2024,PROD016,272,5168,Yes,3384,166.76
INF0227,TikTok,966540,4.32,07-10-2024,PROD003,351,28782,No,2051,35.93969851
INF0228,Instagram,561278,8.97,15-09-2024,PROD012,335,32160,No,3822,35.47526585
INF0229,YouTube,527485,5.52,24-08-2024,PROD005,256,6912,No,4485,21.69290498
INF0230,TikTok,130421,5.7,20-09-2024,PROD007,97,4850,No,3714,39.37428921
INF0231,YouTube,622536,7.46,24-01-2024,PROD018,59,4838,No,3099,29.40798147
INF0232,YouTube,913606,3.59,01-12-2023,PROD016,429,17589,Yes,2044,1102.07
INF0233,TikTok,185454,4.71,28-11-2023,PROD003,286,26026,No,4866,46.59157557
INF0234,TikTok,491020,3.44,19-02-2024,PROD016,469,5159,No,4407,4.521396653
INF0235,TikTok,409050,2.67,21-09-2024,PROD011,411,9042,Yes,3252,1497.02
INF0236,TikTok,87691,8.51,29-08-2024,PROD016,130,4680,No,4691,6.875098791
INF0237,TikTok,142433,1.06,27-04-2024,PROD003,397,19453,Yes,1684,1483.83
INF0238,TikTok,21584,2.04,07-10-2024,PROD015,145,11890,Yes,4978,473.71
INF0239,TikTok,479081,3.26,01-06-2024,PROD010,497,11928,No,4080,42.68628666
INF0240,YouTube,468613,6.86,04-02-2024,PROD020,69,2622,No,1707,19.27522512
INF0241,Instagram,441178,1.56,22-03-2024,PROD019,271,6775,No,2970,43.02388272
INF0242,YouTube,133458,5.37,20-10-2024,PROD011,293,26663,No,2190,1.908676458
INF0243,YouTube,911042,6.87,16-04-2024,PROD015,90,8640,Yes,4492,201.16
INF0244,Instagram,312365,3.36,24-04-2024,PROD012,428,36808,Yes,3473,1618.65
INF0245,YouTube,281253,2.33,25-10-2024,PROD006,228,8208,Yes,2184,854.11
INF0246,TikTok,333599,8.76,01-05-2024,PROD018,460,41400,Yes,2504,1019.7
INF0247,YouTube,855269,2.9,11-11-2024,PROD002,61,3477,No,3044,42.95637389
INF0248,Instagram,965629,1.33,14-02-2024,PROD004,406,17458,Yes,4942,455.47
INF0249,YouTube,310087,6.55,27-03-2024,PROD013,309,11124,Yes,4850,238.81
INF0250,TikTok,151163,8.32,20-04-2024,PROD004,384,17664,No,1249,38.36144013
INF0251,TikTok,110978,1.03,04-10-2024,PROD006,320,17600,No,4089,3.724733553
INF0252,YouTube,173798,1.75,18-03-2024,PROD015,251,24347,No,3494,32.35045627
INF0253,Instagram,494821,1.95,31-12-2023,PROD019,500,11500,Yes,4888,652.3
INF0254,Instagram,429267,5.12,12-05-2024,PROD020,299,3588,No,4903,9.694088087
INF0255,TikTok,159857,9.65,22-09-2024,PROD003,481,36556,No,3617,42.3815932
INF0256,Instagram,657544,7.61,28-03-2024,PROD011,111,10656,No,1998,15.37781135
INF0257,YouTube,123350,2.63,21-02-2024,PROD011,154,8778,Yes,4005,480.2
INF0258,Instagram,132840,5.52,05-09-2024,PROD011,76,912,No,2485,20.10594355
INF0259,YouTube,585530,1.39,24-11-2023,PROD018,197,6107,Yes,2848,739.35
INF0260,Instagram,515823,7.8,09-12-2023,PROD016,203,19285,No,4735,33.59204365
INF0261,YouTube,919816,8.68,25-12-2023,PROD018,393,16899,No,4670,11.6360234
INF0262,TikTok,32720,1.34,03-08-2024,PROD012,173,11418,Yes,2525,1711.84
INF0263,TikTok,288895,2.27,19-05-2024,PROD011,321,7062,Yes,1429,255.31
INF0264,YouTube,907200,3.56,20-03-2024,PROD010,383,27576,Yes,4615,729.72
INF0265,YouTube,716888,5.62,20-06-2024,PROD008,491,48609,Yes,2974,1049.42
INF0266,Instagram,169873,9.85,02-03-2024,PROD010,446,22746,No,3265,47.89439089
INF0267,Instagram,830714,3.45,07-03-2024,PROD009,115,3680,No,1452,13.76152396
INF0268,YouTube,921602,9.07,05-08-2024,PROD017,446,33450,No,4834,41.0635231
INF0269,YouTube,601228,8.31,17-11-2023,PROD003,246,22140,Yes,3374,1617.24
INF0270,YouTube,323192,1.56,16-07-2024,PROD004,144,4464,Yes,4117,174.92
INF0271,Instagram,915891,9.48,12-02-2024,PROD001,187,12342,No,2164,38.44919673
INF0272,YouTube,171484,8.19,27-09-2024,PROD017,258,11610,Yes,2201,296.32
INF0273,TikTok,984351,8.91,22-06-2024,PROD006,264,11352,Yes,2107,277.62
INF0274,TikTok,69754,4.48,16-03-2024,PROD005,227,5221,Yes,3930,106.49
INF0275,TikTok,680315,5.4,27-01-2024,PROD006,313,18467,No,1399,13.33545022
INF0276,YouTube,860170,5.32,27-09-2024,PROD019,312,29016,No,1244,0.552248115
INF0277,YouTube,459000,1.22,19-11-2023,PROD010,395,13035,No,2647,10.50890772
INF0278,YouTube,462540,4.06,03-05-2024,PROD001,479,8143,No,3859,32.28102244
INF0279,YouTube,949945,1.4,19-03-2024,PROD007,224,22176,Yes,4724,741.42
INF0280,YouTube,953450,9.82,13-07-2024,PROD004,383,17618,No,1156,8.437979125
INF0281,YouTube,627752,1.88,27-08-2024,PROD014,415,36935,No,791,24.88251013
INF0282,TikTok,722118,8.9,10-06-2024,PROD018,456,11856,No,3932,13.55754918
INF0283,TikTok,214406,9.25,24-04-2024,PROD005,377,23374,No,1618,14.90998738
INF0284,Instagram,383235,4.26,26-02-2024,PROD002,378,8694,No,1693,19.35824995
INF0285,YouTube,541515,5.79,08-04-2024,PROD011,376,21432,Yes,879,483.57
INF0286,YouTube,489498,1.22,13-04-2024,PROD006,310,27280,Yes,1869,3351.35
INF0287,Instagram,591651,1.77,28-02-2024,PROD009,114,4674,No,3152,13.42411819
INF0288,YouTube,630050,3.37,07-11-2024,PROD017,497,16898,No,1723,46.91843589
INF0289,YouTube,691211,8.16,19-07-2024,PROD005,154,14014,No,2606,17.22882083
INF0290,Instagram,314480,6.41,21-10-2024,PROD018,387,17415,No,4837,24.36248636
INF0291,Instagram,635958,6.59,09-10-2024,PROD004,120,2160,No,4585,33.29122957
INF0292,YouTube,98988,5.42,29-09-2024,PROD016,184,5336,Yes,1058,326.36
INF0293,YouTube,218996,6.34,09-01-2024,PROD008,139,6950,No,1820,43.70361301
INF0294,TikTok,819754,1.01,25-10-2024,PROD008,389,29953,No,3439,27.34886695
INF0295,YouTube,767795,6.03,17-05-2024,PROD010,138,4278,Yes,1397,261.65
INF0296,YouTube,285150,2.85,01-05-2024,PROD003,316,28440,No,4110,15.33374293
INF0297,Instagram,224191,5.95,14-03-2024,PROD009,194,7566,Yes,885,356.89
INF0298,Instagram,837441,5.61,22-05-2024,PROD020,322,17388,Yes,1916,359.4
INF0299,Instagram,859432,2.11,19-07-2024,PROD014,329,10528,Yes,3851,1294.96
INF0300,TikTok,558949,4.17,16-10-2024,PROD001,441,36603,Yes,2348,3389.17
INF0301,YouTube,487948,2.32,08-10-2024,PROD015,413,27258,No,1105,16.27668843
INF0302,TikTok,730766,2.92,04-08-2024,PROD020,316,11376,No,2199,44.06124447
INF0303,TikTok,443236,1.74,07-01-2024,PROD004,87,1479,No,3606,14.90614629
INF0304,Instagram,100621,8.04,02-06-2024,PROD006,63,4284,Yes,4880,88.55
INF0305,YouTube,792906,1.32,14-04-2024,PROD003,292,7300,No,1563,41.39797425
INF0306,YouTube,842513,6.42,16-03-2024,PROD013,207,2277,Yes,4115,48.54
INF0307,TikTok,926019,3.48,10-12-2023,PROD006,232,12296,Yes,4051,1346.77
INF0308,Instagram,499592,1.13,12-03-2024,PROD004,374,36652,No,4318,33.39459558
INF0309,TikTok,903861,1.94,20-11-2023,PROD017,191,6876,Yes,2519,763.15
INF0310,Instagram,932516,4.1,01-02-2024,PROD003,425,10625,Yes,4431,578.39
INF0311,Instagram,96148,6.98,19-03-2024,PROD010,261,21141,Yes,1292,1265.17
INF0312,YouTube,684361,3.36,10-07-2024,PROD011,205,2665,Yes,4384,168.03
INF0313,YouTube,460137,2.45,01-03-2024,PROD005,55,2640,Yes,4697,146.67
INF0314,YouTube,38809,8.98,31-05-2024,PROD019,326,29014,Yes,1252,608.64
INF0315,YouTube,156422,5.15,28-11-2023,PROD001,452,31640,No,1686,31.10240397
INF0316,Instagram,57761,9.01,12-02-2024,PROD012,475,5225,No,1381,11.97851273
INF0317,TikTok,762348,3.18,18-06-2024,PROD015,75,3525,Yes,4600,155.35
INF0318,YouTube,371834,2.51,05-05-2024,PROD013,191,7449,Yes,4688,402.21
INF0319,Instagram,626765,3.73,15-06-2024,PROD019,482,10604,Yes,1766,395.38
INF0320,YouTube,164699,9.17,24-03-2024,PROD002,426,24282,Yes,3113,4572.88
INF0321,TikTok,623961,9.82,20-04-2024,PROD011,473,24123,No,2516,4.363609441
INF0322,YouTube,330931,1.16,14-11-2024,PROD006,279,21762,No,648,14.23600525
INF0323,TikTok,561202,2.3,29-03-2024,PROD010,112,7168,Yes,4065,233.11
INF0324,TikTok,445065,6.53,13-01-2024,PROD013,465,26505,No,811,33.68603557
INF0325,TikTok,657738,9.84,06-07-2024,PROD002,474,6162,Yes,981,325.52
INF0326,YouTube,343548,7.75,28-09-2024,PROD013,387,7740,Yes,4573,358.67
INF0327,TikTok,845466,4.68,06-12-2023,PROD017,447,33525,Yes,1083,977.12
INF0328,YouTube,65396,5.95,12-05-2024,PROD008,259,8288,Yes,4295,200.87
INF0329,Instagram,561038,7.11,06-03-2024,PROD014,338,27378,No,1465,17.06904999
INF0330,TikTok,476250,8.4,29-12-2023,PROD007,117,6903,No,891,13.48146858
INF0331,TikTok,672772,9.6,06-02-2024,PROD013,200,9200,No,2271,14.04943331
INF0332,TikTok,717398,1.24,24-03-2024,PROD009,373,37300,No,3740,15.31993247
INF0333,YouTube,886973,8.61,25-09-2024,PROD003,115,1380,No,4032,21.45751273
INF0334,TikTok,331212,3.37,16-03-2024,PROD016,224,2688,Yes,4373,76.95
INF0335,YouTube,523882,1.61,27-03-2024,PROD014,314,12246,Yes,1398,269.62
INF0336,Instagram,727135,4.68,20-12-2023,PROD009,317,8876,No,4389,20.58225915
INF0337,YouTube,296727,5.67,07-12-2023,PROD007,196,11760,No,4866,35.16038864
INF0338,Instagram,105313,8.01,05-11-2024,PROD001,365,24455,No,4910,4.699560441
INF0339,TikTok,555871,6.43,12-10-2024,PROD015,65,6500,Yes,2054,1018.81
INF0340,TikTok,884667,9.42,24-06-2024,PROD014,112,8736,No,3142,9.80271836
INF0341,Instagram,292195,2.03,28-01-2024,PROD010,355,12070,Yes,3123,378.84
INF0342,TikTok,609103,2.65,20-11-2023,PROD015,480,29280,Yes,711,1440.24
INF0343,YouTube,408617,1.85,08-06-2024,PROD007,413,37583,Yes,3134,1971.83
INF0344,YouTube,253231,5.61,03-11-2024,PROD009,207,9522,Yes,2768,331.66
INF0345,Instagram,858040,2.5,31-12-2023,PROD008,95,3895,No,4830,19.19917395
INF0346,Instagram,379627,6.81,22-09-2024,PROD019,476,25228,No,1655,13.4288894
INF0347,YouTube,837231,2.88,23-02-2024,PROD019,484,23232,No,1499,22.25972952
INF0348,YouTube,743757,8.78,27-12-2023,PROD018,61,1342,Yes,4273,49.36
INF0349,YouTube,429966,5.66,19-02-2024,PROD016,352,13376,No,1987,39.09268783
INF0350,TikTok,17717,4.96,24-08-2024,PROD012,225,16650,Yes,4179,765.17
INF0351,TikTok,586984,7.18,03-03-2024,PROD015,395,15405,Yes,2114,975
INF0352,YouTube,86807,7.65,24-07-2024,PROD003,86,3354,No,2479,11.48267584
INF0353,Instagram,765139,2.03,02-04-2024,PROD015,245,3920,Yes,3589,263.62
INF0354,Instagram,421723,4.4,11-04-2024,PROD001,92,6348,No,4765,21.66465333
INF0355,YouTube,26781,9.86,29-12-2023,PROD005,353,20827,No,4507,27.18193621
INF0356,YouTube,314163,8.93,22-02-2024,PROD012,426,7668,Yes,2447,200.58
INF0357,YouTube,497818,7.06,14-02-2024,PROD007,351,15093,No,2588,26.10147412
INF0358,YouTube,263059,6.99,07-11-2024,PROD014,116,4408,No,2175,48.32872752
INF0359,TikTok,559419,3.77,14-07-2024,PROD004,235,6345,Yes,698,153
INF0360,YouTube,285179,3.51,11-04-2024,PROD011,271,21951,No,2025,12.31725426
INF0361,Instagram,670934,5.09,06-07-2024,PROD013,301,16555,Yes,3764,349.63
INF0362,TikTok,22852,1.9,04-12-2023,PROD009,395,18170,Yes,2002,993.98
INF0363,TikTok,393679,4.04,17-08-2024,PROD011,151,4681,Yes,531,246.63
INF0364,YouTube,908490,8.26,14-07-2024,PROD003,138,9522,No,1008,0.984343431
INF0365,YouTube,121989,7.59,10-03-2024,PROD020,433,24681,No,2220,21.13453884
INF0366,TikTok,988305,9.74,11-03-2024,PROD017,348,5568,Yes,4154,126.43
INF0367,YouTube,736644,3.36,21-10-2024,PROD008,486,6804,Yes,1680,502.51
INF0368,YouTube,567907,9.88,03-10-2024,PROD019,295,13275,No,1108,8.467642746
INF0369,Instagram,565931,9.23,21-07-2024,PROD001,410,20500,Yes,4760,457.9
INF0370,Instagram,791003,1.63,27-12-2023,PROD005,433,7794,No,4661,9.914667645
INF0371,TikTok,787001,9,08-11-2024,PROD012,136,1632,No,1570,19.37612883
INF0372,TikTok,173741,3.21,07-08-2024,PROD011,236,6608,No,3743,24.44922695
INF0373,YouTube,684169,5.64,04-11-2024,PROD002,458,26564,Yes,1084,566.64
INF0374,YouTube,772075,8.6,20-12-2023,PROD017,137,1507,Yes,4049,33.08
INF0375,Instagram,736792,5.24,14-07-2024,PROD005,153,6579,Yes,3714,144.85
INF0376,TikTok,599939,9.46,19-07-2024,PROD015,70,1260,No,4165,28.48767418
INF0377,Instagram,650725,3.59,30-01-2024,PROD004,383,32938,No,4480,21.77025058
INF0378,TikTok,123127,9.16,03-10-2024,PROD018,160,5440,No,3860,6.566583045
INF0379,YouTube,96377,8.24,08-10-2024,PROD014,353,6354,Yes,956,1248.33
INF0380,YouTube,996199,3.7,23-08-2024,PROD003,90,6660,No,749,16.20985282
INF0381,Instagram,706033,1.1,07-11-2024,PROD006,303,29088,No,2590,4.783205117
INF0382,TikTok,849687,8.39,16-12-2023,PROD020,494,16302,Yes,4520,556
INF0383,YouTube,91842,4.27,30-10-2024,PROD009,148,3108,Yes,932,81.51
INF0384,YouTube,660915,2.43,27-01-2024,PROD019,494,5928,No,2455,38.07953869
INF0385,YouTube,172570,4.74,14-07-2024,PROD012,417,36279,Yes,4958,835.54
INF0386,TikTok,432838,2.14,15-12-2023,PROD001,377,34307,Yes,4455,837.16
INF0387,YouTube,829246,9.22,23-11-2023,PROD009,231,14553,No,1300,46.76356884
INF0388,TikTok,924527,7.33,14-05-2024,PROD002,64,2176,No,1679,16.50232342
INF0389,TikTok,242659,1.31,03-03-2024,PROD014,118,6962,No,906,23.25577222
INF0390,Instagram,197792,8.28,20-12-2023,PROD009,54,2646,Yes,4204,72.53
INF0391,YouTube,663824,9.78,03-08-2024,PROD017,434,29078,No,1234,5.690017956
INF0392,TikTok,717329,3.99,01-03-2024,PROD005,83,6723,No,4016,24.85370442
INF0393,Instagram,621281,3.91,11-12-2023,PROD015,321,25359,No,3044,27.78994129
INF0394,Instagram,477121,4.49,02-07-2024,PROD006,363,9075,Yes,3330,414.38
INF0395,Instagram,313723,2.42,23-06-2024,PROD010,312,25896,Yes,2996,768.88
INF0396,YouTube,684112,8.89,27-01-2024,PROD018,69,4140,No,2996,38.99595708
INF0397,Instagram,942394,7.3,29-04-2024,PROD018,430,30530,No,3032,5.498164043
INF0398,TikTok,928227,5.01,20-08-2024,PROD009,336,15120,Yes,4034,2068.4
INF0399,YouTube,980838,4.51,23-02-2024,PROD009,457,8226,Yes,3489,235.5
INF0400,YouTube,530790,5.4,08-03-2024,PROD014,479,33530,Yes,728,2721.59
INF0401,TikTok,425785,5.44,14-09-2024,PROD020,296,3256,Yes,3043,394.19
INF0402,YouTube,557527,5.63,11-06-2024,PROD013,387,33282,Yes,1502,922.96
INF0403,Instagram,978374,8.47,24-05-2024,PROD002,187,8976,Yes,2568,470.93
INF0404,TikTok,212509,9.18,08-09-2024,PROD009,499,31437,No,2823,40.71905929
INF0405,TikTok,235475,8.19,23-05-2024,PROD009,449,30981,Yes,1852,917.68
INF0406,Instagram,497427,4.75,02-09-2024,PROD018,88,2816,No,3490,38.30767107
INF0407,Instagram,737546,7.56,18-11-2023,PROD005,119,7735,No,3113,9.638585156
INF0408,YouTube,926521,3.55,28-09-2024,PROD013,478,46844,No,1251,44.80736009
INF0409,YouTube,758565,8.41,18-10-2024,PROD002,266,18620,No,4031,21.49572538
INF0410,YouTube,349006,9.17,18-04-2024,PROD017,355,33725,No,3846,37.44279842
INF0411,TikTok,238345,8.77,27-04-2024,PROD005,327,17331,Yes,1212,355.8
INF0412,YouTube,455999,8.14,21-12-2023,PROD011,124,8556,Yes,1604,282.1
INF0413,YouTube,575457,2.77,26-07-2024,PROD011,139,10286,No,4459,32.81353214
INF0414,TikTok,763122,4.51,10-05-2024,PROD006,405,33210,No,1331,15.13842071
INF0415,Instagram,830499,3.68,23-10-2024,PROD006,227,19068,Yes,1843,409.36
INF0416,Instagram,778117,7.34,31-01-2024,PROD018,222,19092,No,1175,24.17677769
INF0417,TikTok,872295,9.93,08-01-2024,PROD014,391,4692,Yes,1586,201.29
INF0418,TikTok,772262,6.86,12-04-2024,PROD016,401,28872,Yes,1655,861.08
INF0419,Instagram,364967,3.62,20-09-2024,PROD004,430,9890,Yes,2954,433.58
INF0420,Instagram,449409,5.63,05-05-2024,PROD004,175,3150,Yes,1279,85.76
INF0421,Instagram,149073,7.05,12-04-2024,PROD004,424,41128,Yes,2382,3928.18
INF0422,TikTok,445975,7.78,17-10-2024,PROD008,356,12460,No,1695,18.54937577
INF0423,TikTok,658020,9.43,15-01-2024,PROD016,298,29204,Yes,2989,754.63
INF0424,YouTube,28970,9.38,27-03-2024,PROD014,71,2627,Yes,1541,181.17
INF0425,YouTube,407692,3.8,08-06-2024,PROD001,294,9114,Yes,2649,1460.58
INF0426,TikTok,206437,2,06-11-2024,PROD019,177,2655,Yes,1636,144.14
INF0427,YouTube,772029,6.2,01-07-2024,PROD013,244,7808,No,3772,18.27707321
INF0428,TikTok,313295,7.76,30-01-2024,PROD016,121,8228,No,1736,17.56369395
INF0429,TikTok,539967,9.46,22-12-2023,PROD008,489,22983,No,2745,22.33183743
INF0430,Instagram,291500,5.98,06-02-2024,PROD011,328,29192,No,4093,7.642085805
INF0431,Instagram,306281,2.19,15-08-2024,PROD015,109,7085,No,1768,11.18238411
INF0432,YouTube,320095,9.44,08-08-2024,PROD016,429,39897,No,4879,46.63269053
INF0433,TikTok,804865,6.31,10-10-2024,PROD007,113,4746,No,2872,12.53337958
INF0434,TikTok,311831,8.95,12-11-2024,PROD015,406,25984,Yes,3994,549.46
INF0435,TikTok,321315,4.53,17-02-2024,PROD003,253,19228,No,4053,34.0142047
INF0436,YouTube,253984,9.75,24-09-2024,PROD010,351,20709,No,4674,35.63411277
INF0437,YouTube,114408,3.15,28-12-2023,PROD009,166,9296,No,2917,7.352620389
INF0438,TikTok,880070,6.88,24-09-2024,PROD003,419,25140,No,3368,15.79469509
INF0439,TikTok,951430,3.01,09-05-2024,PROD017,404,13736,Yes,4344,423.95
INF0440,TikTok,173020,7.3,31-01-2024,PROD007,388,9312,No,2784,32.50495786
INF0441,Instagram,818659,1.59,13-09-2024,PROD015,394,33490,No,4557,6.390817531
INF0442,YouTube,699249,2.4,29-05-2024,PROD016,241,20003,Yes,1339,502.46
INF0443,YouTube,245867,8.9,04-03-2024,PROD010,200,15200,No,4011,16.13619578
INF0444,TikTok,666800,4.4,09-07-2024,PROD017,310,4030,No,1360,47.96908172
INF0445,YouTube,679038,3.7,25-11-2023,PROD001,114,4674,Yes,3078,373.32
INF0446,Instagram,67182,2.66,09-06-2024,PROD016,207,14076,No,1036,23.10226145
INF0447,TikTok,792275,4.52,19-03-2024,PROD015,491,16203,No,1312,39.83477694
INF0448,Instagram,560457,1.8,21-01-2024,PROD016,265,14840,No,3490,24.13451529
INF0449,YouTube,190948,4.95,09-02-2024,PROD016,405,7695,Yes,1685,160.75
INF0450,Instagram,755006,8.5,20-01-2024,PROD014,241,20244,Yes,4266,708.58
INF0451,YouTube,131516,7.55,22-08-2024,PROD007,350,5950,Yes,3576,476.38
INF0452,TikTok,297214,5.9,17-04-2024,PROD010,231,22407,No,3093,4.952225091
INF0453,YouTube,815928,7.69,11-08-2024,PROD009,359,34464,No,4818,13.1855979
INF0454,YouTube,338600,3.97,09-01-2024,PROD008,396,26928,No,1029,16.40509145
INF0455,TikTok,848723,5.01,16-10-2024,PROD017,479,28740,No,4535,32.10170397
INF0456,YouTube,672474,7.36,09-08-2024,PROD008,78,780,Yes,2120,28.99
INF0457,Instagram,891471,3.86,19-03-2024,PROD016,58,2088,No,3379,33.61934205
INF0458,TikTok,228658,1.12,10-01-2024,PROD008,65,4615,No,3703,21.53649322
INF0459,TikTok,934541,6.19,04-08-2024,PROD011,339,8475,No,4787,33.16998912
INF0460,YouTube,63831,7.82,17-10-2024,PROD013,185,12395,No,4829,15.31512401
INF0461,YouTube,230686,8.6,04-05-2024,PROD012,499,37425,No,1987,14.4453946
INF0462,Instagram,850996,4.61,31-05-2024,PROD006,459,8262,Yes,1124,344.54
INF0463,YouTube,936771,5.06,03-01-2024,PROD012,192,19200,Yes,2632,656.63
INF0464,YouTube,158359,6.74,20-08-2024,PROD014,357,32487,No,4869,45.8210748
INF0465,TikTok,735143,8.68,20-07-2024,PROD011,65,3575,Yes,3610,97.28
INF0466,Instagram,529918,5.78,08-05-2024,PROD008,418,17138,Yes,2464,3227.5
INF0467,Instagram,479925,7.79,24-02-2024,PROD002,210,10710,Yes,1791,312.15
INF0468,TikTok,348553,8.4,26-12-2023,PROD012,401,32481,No,946,25.39572456
INF0469,TikTok,187232,1.01,15-02-2024,PROD005,317,6023,Yes,2095,130.93
INF0470,YouTube,401756,3.74,24-04-2024,PROD001,486,41796,No,2390,27.05535696
INF0471,Instagram,989973,4.57,08-07-2024,PROD013,90,900,Yes,501,21.18
INF0472,YouTube,878923,4.9,29-05-2024,PROD006,83,2241,No,1216,41.93441328
INF0473,YouTube,359188,2.79,03-05-2024,PROD014,353,25063,Yes,4709,544.61
INF0474,TikTok,746673,8.76,28-06-2024,PROD003,459,13770,Yes,1984,670.4
INF0475,YouTube,904604,9.5,26-05-2024,PROD012,441,17640,Yes,2612,1050.63
INF0476,TikTok,10760,3.15,03-07-2024,PROD001,329,29939,No,3781,24.44536765
INF0477,TikTok,838305,6.88,03-07-2024,PROD019,435,14355,No,4295,8.810423579
INF0478,YouTube,128854,8.33,20-05-2024,PROD010,234,7488,Yes,4600,791.54
INF0479,Instagram,478199,6.89,26-05-2024,PROD004,138,12420,No,1898,17.04985073
INF0480,TikTok,933632,4.96,30-07-2024,PROD002,176,7568,No,3813,47.37968737
INF0481,Instagram,406283,1.19,03-02-2024,PROD007,102,7956,No,1348,45.33536698
INF0482,YouTube,423305,8.38,07-06-2024,PROD007,409,16769,No,886,10.35809061
INF0483,TikTok,945211,2.7,21-01-2024,PROD001,379,5685,Yes,3735,484.65
INF0484,Instagram,710940,5.31,02-05-2024,PROD011,147,6468,No,3479,28.07204623
INF0485,YouTube,289848,5.62,05-10-2024,PROD009,188,6392,No,4621,27.81939815
INF0486,TikTok,274075,5.24,03-07-2024,PROD014,284,6816,No,3045,45.33596344
INF0487,Instagram,612766,5.37,20-10-2024,PROD011,441,14994,No,1596,18.53358135
INF0488,Instagram,979539,2.75,01-10-2024,PROD008,227,4313,Yes,1906,87.97
INF0489,TikTok,120242,8.02,25-12-2023,PROD016,328,6232,Yes,2569,593.52
INF0490,TikTok,713785,5.52,03-10-2024,PROD014,130,11310,No,4838,48.93929637
INF0491,YouTube,839969,9.3,13-07-2024,PROD020,446,31666,Yes,1983,635.23
INF0492,TikTok,783166,3.14,31-12-2023,PROD006,340,29920,No,3922,38.27330577
INF0493,YouTube,210233,6.68,09-07-2024,PROD015,453,27633,No,648,13.50964143
INF0494,YouTube,470343,2.94,28-09-2024,PROD017,177,17169,No,4234,11.24529658
INF0495,Instagram,919956,3.19,22-06-2024,PROD018,437,12673,Yes,850,639.08
INF0496,Instagram,286569,5.6,18-02-2024,PROD015,315,24570,Yes,1157,625.83
INF0497,Instagram,58225,6.6,11-11-2024,PROD003,50,4150,No,3286,39.88489637
INF0498,Instagram,44769,3.63,03-02-2024,PROD010,100,2900,Yes,2728,71.92
INF0499,Instagram,22015,6.64,20-03-2024,PROD003,472,40120,Yes,1528,1021.91
INF0500,YouTube,22433,1.09,10-10-2024,PROD005,52,3328,Yes,2719,90.34
INF0501,Instagram,571768,5.1,01-06-2024,PROD013,286,10582,Yes,1410,362.03
INF0502,TikTok,91991,3.06,04-02-2024,PROD010,377,6032,No,2154,31.94851656
INF0503,Instagram,395249,9.78,20-05-2024,PROD013,151,6795,Yes,3091,147.46
INF0504,Instagram,633475,6.38,19-01-2024,PROD006,262,10742,No,4156,42.30617198
INF0505,Instagram,438542,8.93,28-11-2023,PROD002,176,16544,Yes,3558,726.57
INF0506,Instagram,438974,5.83,21-07-2024,PROD016,410,29110,No,2392,12.38982015
INF0507,TikTok,254924,9.05,24-02-2024,PROD019,102,3468,Yes,2394,122.16
INF0508,YouTube,190558,4.23,08-06-2024,PROD010,472,34928,Yes,3958,2191.22
INF0509,YouTube,932989,6.35,23-05-2024,PROD017,181,17919,No,1450,28.28119394
INF0510,YouTube,701591,5.49,03-08-2024,PROD011,365,21900,Yes,2444,510.85
INF0511,YouTube,811734,6.23,05-10-2024,PROD007,206,15656,No,3148,37.05228652
INF0512,Instagram,438160,6.16,15-02-2024,PROD002,263,6312,Yes,509,195.42
INF0513,YouTube,970642,8.46,15-02-2024,PROD010,103,4635,Yes,698,523.14
INF0514,Instagram,26150,9.48,17-05-2024,PROD016,456,25992,No,1881,41.5468164
INF0515,Instagram,619344,6.77,23-11-2023,PROD011,167,11189,Yes,2514,820.31
INF0516,Instagram,83657,2.34,24-11-2023,PROD020,87,6264,No,4985,18.47416633
INF0517,YouTube,591273,5.91,05-11-2024,PROD016,445,22250,No,1138,46.28840493
INF0518,Instagram,698982,8.32,20-09-2024,PROD018,420,10080,Yes,3293,210.7
INF0519,TikTok,528146,3.22,22-10-2024,PROD019,289,26588,No,3895,39.46566282
INF0520,TikTok,213611,2.29,09-05-2024,PROD008,395,15405,No,4290,43.3476772
INF0521,TikTok,201120,6.86,06-05-2024,PROD003,260,14040,No,2948,41.7899008
INF0522,YouTube,634010,5.1,06-03-2024,PROD013,422,21522,No,1749,14.85994417
INF0523,YouTube,761390,9.58,27-10-2024,PROD005,319,29029,No,4005,15.0761685
INF0524,TikTok,367157,2.02,03-07-2024,PROD012,53,2809,No,3017,10.20997938
INF0525,Instagram,183556,7.02,13-06-2024,PROD009,314,5652,Yes,3086,1025.77
INF0526,TikTok,797084,7.8,24-05-2024,PROD004,151,12382,No,814,38.4134056
INF0527,Instagram,479436,5.97,04-11-2024,PROD003,323,23256,Yes,4803,829.68
INF0528,Instagram,717603,4.11,08-01-2024,PROD017,396,34056,Yes,657,762.73
INF0529,Instagram,445753,8.61,02-12-2023,PROD014,436,16132,No,684,43.69448903
INF0530,TikTok,156331,7.14,12-11-2024,PROD013,306,5814,No,709,39.0311278
INF0531,YouTube,175013,6.08,01-11-2024,PROD002,91,910,No,4903,32.13837058
INF0532,TikTok,315207,4.54,04-05-2024,PROD001,499,11477,Yes,4300,1532.31
INF0533,TikTok,949522,7.26,11-07-2024,PROD002,377,36569,Yes,2972,959.06
INF0534,Instagram,623482,8.7,16-10-2024,PROD016,388,36860,No,1423,18.36693124
INF0535,YouTube,145463,7.88,26-03-2024,PROD009,340,10200,Yes,2113,240.28
INF0536,TikTok,526436,1.84,27-11-2023,PROD016,367,31929,Yes,3306,944.92
INF0537,TikTok,829173,4.61,13-07-2024,PROD009,472,16048,No,3778,45.27802639
INF0538,Instagram,256714,4.43,15-08-2024,PROD013,218,8720,No,4741,5.077717785
INF0539,YouTube,266797,4.89,06-03-2024,PROD014,443,42085,Yes,3719,2499.11
INF0540,TikTok,820366,3.51,12-09-2024,PROD008,225,2250,No,4648,31.87370403
INF0541,Instagram,580046,1.37,27-09-2024,PROD007,197,3349,No,4171,3.165482258
INF0542,Instagram,617983,3.11,26-05-2024,PROD018,345,7245,Yes,1694,335.73
INF0543,TikTok,310532,7.96,24-02-2024,PROD012,175,1925,No,2627,33.9655808
INF0544,TikTok,802023,1.51,31-08-2024,PROD008,448,6272,Yes,4307,1005.13
INF0545,YouTube,94796,5.71,25-08-2024,PROD006,104,3952,Yes,932,341.57
INF0546,Instagram,556343,8.74,15-10-2024,PROD002,304,26752,No,813,39.90991181
INF0547,TikTok,49119,6.77,10-02-2024,PROD017,116,10788,No,1442,21.58018341
INF0548,TikTok,721316,9.82,23-01-2024,PROD007,50,1300,No,1383,7.515598674
INF0549,TikTok,322133,5.2,17-10-2024,PROD001,437,38456,No,4592,31.409527
INF0550,YouTube,177049,6.87,11-08-2024,PROD006,386,14668,Yes,4729,1953.13
INF0551,YouTube,991924,3.97,04-05-2024,PROD007,195,9750,Yes,4171,197.93
INF0552,YouTube,42488,6.68,08-11-2024,PROD016,320,29120,No,4573,0.078671066
INF0553,Instagram,286004,2.26,19-06-2024,PROD005,90,5760,Yes,1269,115.27
INF0554,TikTok,676707,1.68,04-08-2024,PROD018,243,12150,No,4014,32.09923202
INF0555,YouTube,224724,1.61,23-03-2024,PROD010,172,8256,No,4773,37.9058693
INF0556,YouTube,854472,3.94,21-12-2023,PROD006,481,44733,Yes,2780,1405.81
INF0557,YouTube,199293,9.24,01-11-2024,PROD011,198,15444,No,2415,28.37158009
INF0558,YouTube,759670,5.24,08-03-2024,PROD007,450,40500,No,2525,14.28915648
INF0559,TikTok,251042,4.84,30-03-2024,PROD008,191,11078,No,4714,3.2439566
INF0560,TikTok,632539,6.84,04-05-2024,PROD011,493,8381,Yes,2063,329.83
INF0561,TikTok,832056,5.04,06-12-2023,PROD003,312,13416,No,4973,24.39848482
INF0562,YouTube,423169,6.08,06-10-2024,PROD018,91,9100,Yes,907,245.75
INF0563,TikTok,237002,7.89,28-06-2024,PROD012,66,3630,No,901,28.88130885
INF0564,Instagram,588376,8.52,29-10-2024,PROD003,186,6510,No,3115,29.03000842
INF0565,YouTube,137548,1.04,15-12-2023,PROD011,120,8760,Yes,4611,627.06
INF0566,YouTube,41077,5.96,05-08-2024,PROD001,216,16200,No,862,45.76134667
INF0567,YouTube,785087,1.71,11-05-2024,PROD011,171,4275,No,2968,49.32396783
INF0568,YouTube,921981,2.69,01-03-2024,PROD013,483,9177,No,940,17.52048128
INF0569,TikTok,966744,5.7,07-03-2024,PROD012,246,9594,No,2863,6.195544335
INF0570,TikTok,199769,4.81,02-03-2024,PROD009,473,15609,No,3813,9.221019921
INF0571,TikTok,123887,7.58,26-12-2023,PROD015,277,13019,Yes,2870,911.69
INF0572,TikTok,77017,1.03,08-03-2024,PROD003,293,14650,Yes,1596,830.97
INF0573,TikTok,454376,3.42,20-07-2024,PROD007,227,12031,Yes,555,585.74
INF0574,Instagram,637065,9.09,15-12-2023,PROD012,147,14553,Yes,3029,396.22
INF0575,TikTok,793868,2.08,07-01-2024,PROD002,70,2380,Yes,1635,272
INF0576,TikTok,966400,7.4,23-02-2024,PROD005,379,17813,No,4167,11.83746085
INF0577,YouTube,516812,2.71,08-06-2024,PROD014,262,12576,No,4608,34.79362875
INF0578,TikTok,430926,7.47,02-02-2024,PROD012,256,13568,Yes,4873,379.1
INF0579,YouTube,767489,3.46,05-03-2024,PROD012,498,20418,Yes,4075,1200.35
INF0580,Instagram,287529,7.65,13-08-2024,PROD016,295,11505,Yes,1166,576.69
INF0581,Instagram,988547,4.18,29-12-2023,PROD006,67,4087,No,3346,44.15286866
INF0582,TikTok,365104,3.14,19-07-2024,PROD004,429,42471,Yes,3717,1993.94
INF0583,YouTube,294391,8.87,25-12-2023,PROD006,86,5934,No,3376,27.21050946
INF0584,TikTok,550183,1.12,28-04-2024,PROD013,477,43407,Yes,4349,2113.29
INF0585,Instagram,367104,5.95,20-12-2023,PROD012,202,8080,Yes,2733,911.96
INF0586,YouTube,592350,5.47,17-03-2024,PROD007,96,9216,No,2274,10.95309403
INF0587,Instagram,330712,7.24,22-11-2023,PROD004,492,43296,Yes,814,2000.74
INF0588,YouTube,768630,2.29,18-05-2024,PROD007,431,34049,Yes,2699,1028.36
INF0589,Instagram,883108,1.63,25-03-2024,PROD012,111,2775,Yes,826,100.33
INF0590,TikTok,489431,1.18,30-09-2024,PROD006,159,9381,Yes,624,225.72
INF0591,Instagram,298185,7.41,11-10-2024,PROD003,482,22654,No,4675,39.35858744
INF0592,Instagram,341447,9.62,27-05-2024,PROD018,260,21840,Yes,2506,2179.64
INF0593,YouTube,64278,6.89,25-07-2024,PROD016,496,15872,No,1270,25.51479824
INF0594,YouTube,427865,4.05,01-01-2024,PROD015,400,23200,Yes,2451,738.15
INF0595,YouTube,553344,7.9,02-01-2024,PROD019,97,2716,Yes,4787,128.72
INF0596,TikTok,466176,2.38,29-09-2024,PROD003,163,3097,No,3431,47.29734833
INF0597,TikTok,346189,4.29,09-07-2024,PROD008,184,14352,No,4103,2.407077655
INF0598,TikTok,792805,7.35,24-04-2024,PROD018,86,1462,No,1892,14.23644916
INF0599,Instagram,342324,8.46,06-02-2024,PROD011,485,22795,No,3587,16.88937167
INF0600,YouTube,795969,9.14,12-10-2024,PROD013,445,44500,Yes,4542,1653.66
INF0601,TikTok,428383,2.54,15-08-2024,PROD009,145,2900,Yes,3586,197.95
INF0602,Instagram,390271,1.57,08-07-2024,PROD016,227,10669,No,3192,25.46619439
INF0603,Instagram,904123,3.73,10-09-2024,PROD014,218,10682,Yes,4836,878.45
INF0604,TikTok,710070,5.42,28-05-2024,PROD007,371,23373,Yes,731,1022.44
INF0605,TikTok,868724,7.15,27-03-2024,PROD016,259,11396,No,1888,14.83024721
INF0606,TikTok,15455,7.58,12-09-2024,PROD015,89,5251,Yes,3648,371.1
INF0607,YouTube,622260,9.97,15-03-2024,PROD017,323,27132,Yes,3033,654.26
INF0608,Instagram,271452,8.25,28-09-2024,PROD009,488,22448,Yes,2689,465.92
INF0609,TikTok,840367,1.16,29-09-2024,PROD009,431,34911,Yes,4565,1129.44
INF0610,TikTok,459029,8.51,27-08-2024,PROD010,364,32396,Yes,3589,2276.6
INF0611,Instagram,483585,2.84,19-08-2024,PROD003,165,8580,Yes,3538,1366.24
INF0612,Instagram,76305,6.96,04-09-2024,PROD011,487,10227,No,4404,11.87565478
INF0613,YouTube,348180,6.76,14-10-2024,PROD020,378,30240,Yes,4242,698.22
INF0614,TikTok,594351,7.81,14-06-2024,PROD009,418,6688,No,3851,6.344205208
INF0615,YouTube,187818,2.4,08-12-2023,PROD019,494,14820,Yes,4762,325.21
INF0616,YouTube,617505,8.79,20-06-2024,PROD007,230,8280,Yes,2394,974.12
INF0617,YouTube,423250,8.88,17-05-2024,PROD014,189,6426,No,2263,32.49532141
INF0618,YouTube,568771,6.35,18-03-2024,PROD001,170,15810,Yes,3974,1784.42
INF0619,YouTube,626878,4.34,20-01-2024,PROD011,255,18360,Yes,1428,441.66
INF0620,TikTok,957220,7.41,06-02-2024,PROD014,63,2268,No,2254,21.0478705
INF0621,Instagram,342498,6.13,14-12-2023,PROD010,171,3762,No,1784,31.85695618
INF0622,TikTok,57390,3.04,04-12-2023,PROD005,424,10176,Yes,3040,352.35
INF0623,TikTok,88652,9.76,06-07-2024,PROD005,273,12831,No,891,9.174549818
INF0624,TikTok,294738,5.74,29-08-2024,PROD017,175,8225,No,786,6.512179342
INF0625,TikTok,186649,6.71,21-11-2023,PROD016,140,13160,No,3070,27.16004116
INF0626,YouTube,525966,3.42,26-06-2024,PROD006,155,14415,Yes,4311,464.55
INF0627,YouTube,807617,6.13,30-03-2024,PROD003,70,5670,No,4882,46.88134854
INF0628,YouTube,395853,1.99,01-07-2024,PROD004,321,17976,Yes,505,380.12
INF0629,TikTok,302865,6.04,27-09-2024,PROD017,438,18834,No,4342,3.053556433
INF0630,YouTube,139493,4,10-10-2024,PROD015,369,10701,Yes,4150,774.87
INF0631,Instagram,695085,9,11-01-2024,PROD014,225,9000,Yes,1415,1782.18
INF0632,YouTube,599849,4.86,08-06-2024,PROD002,66,3234,No,1408,39.76964323
INF0633,YouTube,51481,7.23,03-08-2024,PROD011,183,12444,Yes,3606,373.69
INF0634,Instagram,595334,9.15,28-11-2023,PROD006,173,15570,No,1906,47.62443282
INF0635,TikTok,849313,3.25,22-11-2023,PROD015,498,23904,No,3311,11.10106613
INF0636,YouTube,741939,8.17,12-01-2024,PROD019,270,13230,No,1943,27.9049592
INF0637,TikTok,87272,8.22,16-11-2023,PROD013,356,20292,No,2681,23.32731615
INF0638,TikTok,505043,1.41,04-05-2024,PROD018,310,24490,No,4784,33.08799554
INF0639,TikTok,49986,2.92,03-09-2024,PROD013,138,9384,No,1832,22.11311036
INF0640,TikTok,991062,7.66,27-01-2024,PROD009,459,45900,Yes,4886,1378.38
INF0641,YouTube,893817,6.19,23-10-2024,PROD015,347,3817,No,3415,17.93305833
INF0642,TikTok,152358,8.86,27-05-2024,PROD016,479,7664,No,2508,45.02400337
INF0643,YouTube,115340,8.98,19-02-2024,PROD012,137,13426,No,2871,32.71910879
INF0644,TikTok,986279,5.96,01-11-2024,PROD009,230,12650,Yes,4158,1559.8
INF0645,YouTube,515383,7.27,17-11-2023,PROD006,389,8169,Yes,2043,176.36
INF0646,Instagram,398988,4.13,06-01-2024,PROD010,195,7020,No,3520,25.89823782
INF0647,TikTok,532589,7.57,14-01-2024,PROD016,185,10360,Yes,3974,212.6
INF0648,YouTube,191088,9.39,10-05-2024,PROD004,440,38720,No,843,21.91989267
INF0649,Instagram,598035,5.95,17-02-2024,PROD016,369,33210,Yes,1496,2731.09
INF0650,Instagram,70458,6.46,14-02-2024,PROD003,475,23750,No,4641,14.37090567
INF0651,Instagram,662103,9.56,25-05-2024,PROD004,92,3588,Yes,4290,82.05
INF0652,TikTok,383343,9.08,17-03-2024,PROD014,154,1694,No,3069,25.53984934
INF0653,TikTok,537094,6.46,13-03-2024,PROD007,446,12488,Yes,3433,324.2
INF0654,YouTube,657559,7.38,24-04-2024,PROD019,237,10665,Yes,1126,284.93
INF0655,Instagram,171623,4.16,28-04-2024,PROD016,123,10701,Yes,3706,230.38
INF0656,YouTube,783124,4.38,14-09-2024,PROD003,161,9499,No,2980,16.90476375
INF0657,YouTube,477258,4.02,09-09-2024,PROD011,312,21528,Yes,2993,1004.1
INF0658,Instagram,136297,2.34,13-06-2024,PROD020,77,5698,No,1516,5.958458782
INF0659,Instagram,517553,6.46,12-10-2024,PROD016,318,8904,Yes,3468,467.89
INF0660,TikTok,511568,2.82,06-12-2023,PROD019,261,16704,No,2839,31.01472099
INF0661,YouTube,855083,5.05,07-12-2023,PROD005,481,47138,No,3341,38.67822457
INF0662,Instagram,549337,6.55,18-01-2024,PROD001,106,3710,Yes,978,151.12
INF0663,TikTok,185543,2.18,14-08-2024,PROD004,133,12369,Yes,503,287.65
INF0664,YouTube,45236,7.23,29-11-2023,PROD001,338,22308,Yes,2255,1995.35
INF0665,Instagram,311539,3.04,17-09-2024,PROD007,88,7040,No,2354,21.7739619
INF0666,TikTok,244167,3.55,21-07-2024,PROD019,281,24728,Yes,2600,1575.03
INF0667,Instagram,612337,3.71,12-09-2024,PROD017,58,2436,No,937,13.61330679
INF0668,Instagram,518481,6.58,07-10-2024,PROD006,201,17487,Yes,4506,540.89
INF0669,Instagram,259766,3.78,17-01-2024,PROD011,111,3774,Yes,1345,164.88
INF0670,TikTok,327211,7.38,17-07-2024,PROD013,184,16376,No,734,35.2419021
INF0671,Instagram,539499,9.24,28-02-2024,PROD002,222,9324,No,3181,22.70247659
INF0672,YouTube,467085,7.47,06-02-2024,PROD016,394,29944,Yes,2794,2727.14
INF0673,YouTube,592056,4.14,12-05-2024,PROD014,130,11310,No,1050,26.20462966
INF0674,Instagram,670899,8.79,10-07-2024,PROD001,242,14520,No,3334,14.14243566
INF0675,TikTok,232263,2.27,16-10-2024,PROD015,73,3212,Yes,3891,150.3
INF0676,TikTok,755951,4.47,24-07-2024,PROD008,313,24101,No,4404,21.41275218
INF0677,TikTok,821649,4.88,14-10-2024,PROD019,389,28786,No,1185,9.677898121
INF0678,YouTube,178079,7.35,12-03-2024,PROD018,104,1872,No,1157,10.3355766
INF0679,TikTok,586789,4.64,30-07-2024,PROD015,138,8142,Yes,2093,396.59
INF0680,TikTok,553890,4.96,16-10-2024,PROD016,463,10186,Yes,1224,695.29
INF0681,Instagram,828428,8.74,07-10-2024,PROD004,268,20100,Yes,2391,1324.11
INF0682,YouTube,185186,6.59,13-10-2024,PROD008,73,7008,No,2139,22.14763708
INF0683,TikTok,260949,7.84,23-03-2024,PROD007,126,12222,Yes,1809,388.25
INF0684,YouTube,669424,4.1,29-10-2024,PROD018,449,41308,No,3431,29.11115372
INF0685,TikTok,911736,1.94,27-04-2024,PROD010,345,23115,Yes,2473,517.69
INF0686,Instagram,665983,9.3,28-04-2024,PROD015,118,2006,Yes,3165,48.27
INF0687,Instagram,452137,5.06,19-02-2024,PROD015,160,6880,Yes,3947,871.99
INF0688,TikTok,450231,2.53,19-03-2024,PROD002,268,13400,Yes,3443,1838.13
INF0689,TikTok,68243,7.93,31-07-2024,PROD002,415,38595,No,2040,9.649701274
INF0690,YouTube,31993,5.47,16-03-2024,PROD012,290,24650,Yes,744,809.79
INF0691,TikTok,588098,9.17,05-03-2024,PROD001,485,27645,No,3649,12.82047973
INF0692,Instagram,14689,9.38,30-11-2023,PROD006,368,5520,Yes,4541,115.84
INF0693,TikTok,439884,5.48,23-06-2024,PROD011,185,6105,Yes,1118,333.61
INF0694,Instagram,708550,2.76,24-01-2024,PROD009,85,1275,No,1995,41.38535657
INF0695,Instagram,985865,3.21,05-02-2024,PROD002,308,30184,No,1632,1.076824972
INF0696,YouTube,62681,6.8,15-12-2023,PROD015,421,34943,Yes,2692,977.15
INF0697,TikTok,671194,4.22,16-02-2024,PROD015,91,8645,No,572,26.73541295
INF0698,TikTok,80599,3.51,20-05-2024,PROD016,476,34748,Yes,3546,695.38
INF0699,TikTok,822661,8.33,13-07-2024,PROD002,337,18198,Yes,2277,444.61
INF0700,TikTok,84930,9.41,16-05-2024,PROD001,429,18447,Yes,2778,378.56
INF0701,YouTube,123216,3.82,27-06-2024,PROD019,477,41976,No,3316,44.58688939
INF0702,Instagram,834567,9.9,04-10-2024,PROD007,303,14544,No,2040,9.85468115
INF0703,YouTube,733731,9.38,19-11-2023,PROD009,315,21105,No,3182,22.90607883
INF0704,YouTube,784232,6.77,05-05-2024,PROD003,89,4272,Yes,2552,294.42
INF0705,YouTube,267063,6.94,11-02-2024,PROD008,133,11837,No,3978,31.62763411
INF0706,TikTok,869157,4.22,14-10-2024,PROD017,100,4700,Yes,4263,198.73
INF0707,YouTube,84531,7.46,11-02-2024,PROD016,172,7912,No,2411,16.96142045
INF0708,TikTok,408574,2.91,12-10-2024,PROD012,411,19317,Yes,4459,1264.2
INF0709,YouTube,226858,8.93,12-05-2024,PROD005,241,19762,No,4632,27.16323507
INF0710,YouTube,334558,4.18,09-05-2024,PROD014,354,24780,Yes,3330,1656.42
INF0711,TikTok,279451,5.88,23-02-2024,PROD020,481,10101,No,4996,18.24096371
INF0712,YouTube,269588,8.12,20-09-2024,PROD001,361,26714,Yes,3070,769.19
INF0713,YouTube,575352,9.48,22-09-2024,PROD019,435,37410,No,2398,23.76206755
INF0714,TikTok,90366,8.23,18-12-2023,PROD010,205,7790,Yes,3703,360.98
INF0715,YouTube,86562,3.03,26-01-2024,PROD006,495,6435,Yes,4602,293.84
INF0716,TikTok,987871,5.18,19-12-2023,PROD018,241,9158,No,3823,31.77833152
INF0717,TikTok,714951,3.56,30-12-2023,PROD014,428,27820,No,540,44.91483974
INF0718,YouTube,90373,4.48,16-02-2024,PROD003,497,29820,No,1800,6.696202464
INF0719,TikTok,432555,8.93,31-03-2024,PROD014,218,14388,Yes,3345,327.45
INF0720,TikTok,331401,9.2,24-07-2024,PROD020,258,18834,Yes,1327,989.7
INF0721,Instagram,192248,5.66,16-01-2024,PROD011,480,11040,Yes,801,1018.45
INF0722,Instagram,854623,4.42,06-11-2024,PROD013,281,4215,Yes,2888,467.81
INF0723,YouTube,656865,5.03,03-01-2024,PROD003,308,3080,No,1578,30.31800617
INF0724,Instagram,789910,5.07,18-04-2024,PROD009,464,27376,Yes,3724,703.57
INF0725,TikTok,359038,4.04,14-05-2024,PROD018,483,32361,Yes,3176,4101.52
INF0726,TikTok,32604,1.81,05-10-2024,PROD001,227,11350,Yes,628,443.36
INF0727,YouTube,986538,8.18,13-11-2024,PROD013,357,32487,No,1451,8.48425832
INF0728,Instagram,402106,9.92,05-06-2024,PROD010,275,21725,Yes,4767,697.88
INF0729,YouTube,941332,4.22,30-04-2024,PROD003,218,14170,No,2545,48.40999274
INF0730,Instagram,114556,4.49,20-01-2024,PROD001,234,22932,Yes,3225,2029.38
INF0731,Instagram,580784,5.58,24-10-2024,PROD002,395,22120,No,4433,21.72674681
INF0732,YouTube,944299,3.78,22-09-2024,PROD017,444,10656,No,4016,19.71396286
INF0733,Instagram,715848,4.39,24-08-2024,PROD012,91,6279,No,2926,23.28365004
INF0734,YouTube,864004,9.49,31-01-2024,PROD015,296,5328,Yes,3840,242.07
INF0735,TikTok,913651,3.3,28-03-2024,PROD020,483,23667,Yes,622,722
INF0736,Instagram,207205,4.18,24-04-2024,PROD001,185,13505,Yes,4157,2030.83
INF0737,YouTube,183502,7.64,16-06-2024,PROD008,254,11430,Yes,2467,236.16
INF0738,Instagram,424607,7.76,23-08-2024,PROD002,169,6929,Yes,4249,247.2
INF0739,Instagram,202908,2.91,22-02-2024,PROD013,169,11830,Yes,3493,755.43
INF0740,YouTube,206950,8.08,19-10-2024,PROD008,362,9774,No,2364,46.4471785
INF0741,TikTok,916294,7.34,02-04-2024,PROD005,384,16512,No,4366,4.657470122
INF0742,YouTube,809286,5.49,17-11-2023,PROD005,138,8970,No,1861,40.50505386
INF0743,Instagram,615292,1.37,02-07-2024,PROD006,196,13720,Yes,4501,290.37
INF0744,Instagram,598012,5.05,28-07-2024,PROD018,398,34228,No,2991,8.090455831
INF0745,YouTube,667344,7.89,30-05-2024,PROD014,281,22199,Yes,3810,1117.21
INF0746,YouTube,207248,7.96,28-03-2024,PROD015,331,28797,No,3311,24.59899975
INF0747,TikTok,264157,1.77,14-11-2024,PROD018,59,5251,Yes,1032,238.9
INF0748,YouTube,369164,8.94,19-06-2024,PROD005,407,25234,Yes,3143,1850
INF0749,Instagram,494963,2.16,26-10-2024,PROD016,367,13946,Yes,3920,454.42
INF0750,YouTube,697076,5.43,27-12-2023,PROD002,148,7252,Yes,4828,253.83
INF0751,TikTok,620583,2,30-07-2024,PROD008,453,36693,Yes,3058,747.31
INF0752,YouTube,575099,1.98,25-03-2024,PROD002,405,29160,Yes,1566,861.7
INF0753,YouTube,651994,8.87,25-08-2024,PROD010,310,30070,Yes,1368,1004.68
INF0754,TikTok,569704,5.61,11-09-2024,PROD009,96,3264,No,1047,41.33562749
INF0755,TikTok,477903,1.06,22-10-2024,PROD011,141,1551,No,3338,24.60018551
INF0756,Instagram,222378,8.35,27-09-2024,PROD013,149,7003,Yes,3814,140.82
INF0757,YouTube,207988,2.11,01-08-2024,PROD015,199,17313,Yes,3240,533.53
INF0758,TikTok,865865,5.17,24-10-2024,PROD014,170,5440,No,4773,2.33411638
INF0759,Instagram,851158,3.25,30-04-2024,PROD020,356,32396,Yes,4037,779.31
INF0760,YouTube,502278,8.25,20-03-2024,PROD017,92,9200,Yes,4147,189.38
INF0761,YouTube,477477,4.03,13-07-2024,PROD013,400,29600,No,875,31.30344513
INF0762,YouTube,20872,7.32,21-02-2024,PROD007,93,9207,No,2679,30.36171605
INF0763,TikTok,342254,4.86,23-06-2024,PROD010,179,7697,No,1330,33.20699854
INF0764,YouTube,643235,4.5,01-05-2024,PROD003,186,15624,No,542,27.71849031
INF0765,Instagram,873902,5.68,17-06-2024,PROD004,351,4212,Yes,913,180.69
INF0766,YouTube,951621,7.55,25-04-2024,PROD016,78,7800,No,4858,20.30668762
INF0767,YouTube,979724,3.18,20-04-2024,PROD006,475,33725,No,3629,4.843551614
INF0768,YouTube,955172,3.05,01-08-2024,PROD008,402,10050,No,4195,29.02033621
INF0769,TikTok,934209,6.36,15-06-2024,PROD019,93,7905,No,2857,21.54051465
INF0770,Instagram,375323,9.07,16-05-2024,PROD004,378,15120,No,3852,40.64899131
INF0771,YouTube,790247,2.28,11-08-2024,PROD011,179,8592,No,4645,13.73653242
INF0772,YouTube,272603,3.88,13-02-2024,PROD015,304,9728,Yes,3233,1393.7
INF0773,TikTok,633785,5.38,01-03-2024,PROD004,183,16287,No,3410,12.37023821
INF0774,TikTok,993307,6.47,27-10-2024,PROD007,84,4032,No,2886,0.285729379
INF0775,Instagram,370874,5.76,07-04-2024,PROD010,374,32164,Yes,1505,763.45
INF0776,YouTube,150095,6.98,26-06-2024,PROD010,199,14527,Yes,4148,741.17
INF0777,YouTube,407104,6.2,16-03-2024,PROD016,190,9310,Yes,2732,444.39
INF0778,TikTok,820517,8.68,17-03-2024,PROD001,156,14976,No,1837,33.2657648
INF0779,YouTube,976193,7.54,21-04-2024,PROD006,310,22010,Yes,665,536.44
INF0780,Instagram,683484,8.13,01-04-2024,PROD002,190,1900,Yes,4828,45.55
INF0781,Instagram,181605,1.05,06-03-2024,PROD005,147,14553,Yes,2668,455.92
INF0782,TikTok,211634,2.43,15-05-2024,PROD001,244,12688,No,3087,7.308237045
INF0783,TikTok,488301,5.5,12-04-2024,PROD019,313,20345,Yes,4169,1364.52
INF0784,Instagram,383297,8.37,26-12-2023,PROD009,214,19260,No,1729,16.67815616
INF0785,TikTok,718418,4.97,16-03-2024,PROD001,400,36800,Yes,828,1379.31
INF0786,TikTok,288556,5.8,18-11-2023,PROD018,378,13986,Yes,2003,377.69
INF0787,Instagram,331462,6.93,21-02-2024,PROD019,73,6424,Yes,545,592.62
INF0788,TikTok,42811,8.69,31-05-2024,PROD017,488,14640,Yes,4394,351.16
INF0789,Instagram,285185,3.9,12-09-2024,PROD008,91,7735,No,630,0.58400102
INF0790,Instagram,873790,2.13,21-04-2024,PROD020,484,30976,Yes,4727,744.97
INF0791,TikTok,434175,3.3,19-09-2024,PROD009,132,3696,Yes,2331,232.02
INF0792,YouTube,829795,8.39,01-12-2023,PROD018,427,26901,No,3862,36.33326284
INF0793,TikTok,855547,3.86,26-01-2024,PROD011,390,5070,Yes,3196,115.78
INF0794,YouTube,708470,9.77,22-10-2024,PROD014,321,17655,Yes,1354,469.05
INF0795,TikTok,844125,8.46,10-12-2023,PROD004,377,36946,No,1423,23.9697973
INF0796,YouTube,883145,3.78,07-10-2024,PROD004,128,11904,No,1850,41.00977942
INF0797,TikTok,701541,6.73,01-04-2024,PROD001,344,25112,Yes,2110,842.4
INF0798,TikTok,616231,6.56,27-04-2024,PROD005,83,3071,No,1320,37.65453467
INF0799,Instagram,78404,2.61,07-03-2024,PROD010,254,16510,Yes,3945,352.7
INF0800,Instagram,10484,9.41,22-09-2024,PROD010,50,2700,Yes,1942,83.15
INF0801,YouTube,777602,5.56,22-02-2024,PROD004,74,4588,Yes,3848,406.02
INF0802,YouTube,422525,7.95,04-09-2024,PROD019,470,14100,No,1048,30.22277787
INF0803,TikTok,541695,1.17,21-01-2024,PROD019,200,10200,Yes,565,218.18
INF0804,TikTok,321388,9.31,30-06-2024,PROD012,209,15257,No,4687,5.41069684
INF0805,TikTok,760461,4.7,12-12-2023,PROD016,332,5976,Yes,667,140.18
INF0806,Instagram,581846,4.75,24-09-2024,PROD004,423,36378,No,4173,42.14819129
INF0807,YouTube,327086,4.21,19-03-2024,PROD020,353,24357,Yes,1679,517.24
INF0808,YouTube,672827,8.3,29-09-2024,PROD008,161,9016,No,2005,45.3232592
INF0809,TikTok,511103,1.56,13-11-2024,PROD011,263,14728,No,2474,39.84094989
INF0810,Instagram,481824,2.68,25-10-2024,PROD015,367,11010,Yes,964,265.43
INF0811,YouTube,870568,3.96,16-08-2024,PROD012,258,25542,Yes,1863,744.45
INF0812,YouTube,354560,8.38,22-08-2024,PROD015,278,22240,No,4400,12.36166144
INF0813,Instagram,66282,8.96,10-05-2024,PROD013,279,11439,Yes,1369,432.15
INF0814,Instagram,615725,6.64,15-01-2024,PROD008,182,15288,Yes,2309,667.31
INF0815,TikTok,785378,4,16-12-2023,PROD009,207,8487,Yes,1929,253.12
INF0816,TikTok,739165,2.95,20-01-2024,PROD001,345,4830,No,2098,40.45161576
INF0817,Instagram,949800,7.21,12-01-2024,PROD001,172,7912,No,2932,11.79096359
INF0818,Instagram,792670,9.25,23-02-2024,PROD014,325,9750,No,3368,3.779226695
INF0819,YouTube,949641,1.42,15-03-2024,PROD001,208,11024,Yes,4665,345.36
INF0820,Instagram,100393,7.02,09-12-2023,PROD010,356,35244,Yes,1300,3331.19
INF0821,Instagram,502403,3.52,12-01-2024,PROD020,185,14615,No,4820,34.96133727
INF0822,Instagram,992127,7.22,24-10-2024,PROD008,384,26496,Yes,4269,616.19
INF0823,Instagram,363084,5.52,15-02-2024,PROD013,435,33495,Yes,1079,3992.25
INF0824,TikTok,404101,7.65,24-09-2024,PROD020,262,16506,Yes,2200,1831.96
INF0825,Instagram,750230,1.54,29-01-2024,PROD006,160,9120,Yes,1364,232.89
INF0826,TikTok,908012,7.91,01-07-2024,PROD006,272,24752,No,2365,31.39640842
INF0827,YouTube,344379,2.49,19-08-2024,PROD007,427,31598,No,1432,26.30427913
INF0828,Instagram,91904,5.04,15-12-2023,PROD019,61,2745,Yes,2540,63.85
INF0829,YouTube,121910,6.3,27-08-2024,PROD002,236,18880,No,3233,37.81142316
INF0830,Instagram,347980,5.19,24-09-2024,PROD016,135,4590,No,1908,46.28233811
INF0831,Instagram,775742,3.16,28-02-2024,PROD004,134,2948,No,992,14.27333609
INF0832,TikTok,989090,1.4,12-04-2024,PROD014,187,7854,Yes,3581,167.46
INF0833,YouTube,104254,3.21,06-04-2024,PROD015,74,2960,No,4432,14.9861715
INF0834,TikTok,441096,4.99,20-03-2024,PROD014,254,3810,Yes,2981,127.85
INF0835,YouTube,301997,8.13,10-10-2024,PROD011,477,10971,Yes,4977,343.7
INF0836,YouTube,257791,9.18,04-01-2024,PROD020,173,4152,Yes,3338,93.12
INF0837,TikTok,384094,6.21,12-12-2023,PROD010,242,4840,No,4872,34.91444489
INF0838,Instagram,314295,3.62,01-08-2024,PROD009,480,32160,Yes,1594,891.85
INF0839,TikTok,858310,9.42,29-03-2024,PROD020,245,22050,No,864,2.295096854
INF0840,TikTok,977994,4.45,14-09-2024,PROD013,415,40670,No,4379,8.871261463
INF0841,YouTube,89336,1.51,28-02-2024,PROD011,359,6821,Yes,539,175.12
INF0842,YouTube,111258,5.19,18-05-2024,PROD012,297,12474,Yes,3813,411.28
INF0843,Instagram,699539,3.5,09-10-2024,PROD013,252,2772,Yes,4603,87.14
INF0844,Instagram,24343,1.76,28-08-2024,PROD006,115,7705,No,4871,27.41345152
INF0845,Instagram,480838,7.77,22-09-2024,PROD010,416,28704,No,3926,17.40082633
INF0846,TikTok,969626,2.67,11-01-2024,PROD014,267,24831,No,1489,10.72755334
INF0847,TikTok,372623,4.35,29-06-2024,PROD019,357,19278,No,3981,35.42552305
INF0848,Instagram,495337,4.68,07-11-2024,PROD009,293,9962,Yes,3278,360.16
INF0849,YouTube,759080,6.59,04-10-2024,PROD019,411,29181,No,4272,34.39729178
INF0850,YouTube,98525,5.38,24-04-2024,PROD020,409,7362,Yes,4010,778.22
INF0851,YouTube,381723,3.01,05-01-2024,PROD012,402,10854,Yes,1149,275.97
INF0852,YouTube,119489,1.63,14-11-2024,PROD010,77,2310,No,2536,8.029099527
INF0853,TikTok,993516,3.91,09-08-2024,PROD019,391,8211,No,2912,33.15858449
INF0854,YouTube,766343,1.05,17-05-2024,PROD015,96,3360,No,884,33.61885995
INF0855,TikTok,596035,7.2,01-05-2024,PROD003,91,7826,No,2955,16.14070699
INF0856,YouTube,771903,7.85,27-12-2023,PROD015,490,7350,No,2957,26.49869655
INF0857,Instagram,11175,1.73,29-01-2024,PROD017,476,43316,No,4331,44.74485382
INF0858,Instagram,301885,9.48,21-10-2024,PROD019,429,18876,No,3531,2.909161973
INF0859,TikTok,817050,3.28,25-08-2024,PROD016,193,4246,No,3960,26.62882613
INF0860,YouTube,436714,3.39,20-04-2024,PROD017,54,5346,No,1376,12.40799716
INF0861,TikTok,500153,1.77,27-01-2024,PROD008,305,12810,Yes,2924,395.37
INF0862,YouTube,729421,7.68,23-04-2024,PROD009,80,2400,No,2687,23.0627819
INF0863,Instagram,205759,7.57,12-11-2024,PROD003,348,24708,Yes,916,3361.63
INF0864,Instagram,134309,4.46,07-10-2024,PROD007,53,5088,Yes,1491,565.96
INF0865,Instagram,651139,7.53,11-02-2024,PROD012,450,4950,No,2990,36.03160831
INF0866,TikTok,699216,9.18,18-06-2024,PROD017,144,1440,Yes,897,85.46
INF0867,YouTube,46265,3.52,13-06-2024,PROD008,112,3808,Yes,4078,439.72
INF0868,YouTube,118168,9.59,10-09-2024,PROD019,121,8833,No,1653,42.53920819
INF0869,Instagram,701094,3.63,19-10-2024,PROD001,151,9815,No,3971,5.326676747
INF0870,Instagram,321689,8.43,05-05-2024,PROD012,205,7175,No,968,4.077450071
INF0871,Instagram,559597,3.76,26-03-2024,PROD009,487,37499,Yes,2875,890.08
INF0872,YouTube,389216,5.57,24-09-2024,PROD006,297,12771,No,2259,13.96683203
INF0873,TikTok,342925,8.06,04-03-2024,PROD006,58,3886,Yes,4312,109.59
INF0874,Instagram,27317,1.9,15-01-2024,PROD020,487,6331,Yes,1033,129.73
INF0875,Instagram,495680,5.88,18-01-2024,PROD009,336,18144,No,4455,29.53430442
INF0876,YouTube,156824,3.75,18-02-2024,PROD010,429,36036,No,4914,10.565953
INF0877,TikTok,592363,7.23,04-07-2024,PROD016,447,26373,No,2988,16.53738781
INF0878,TikTok,84765,2.13,24-08-2024,PROD003,210,11760,No,4111,10.73839415
INF0879,TikTok,263404,2.05,23-06-2024,PROD019,105,10185,No,2288,1.662935434
INF0880,TikTok,589950,7.53,27-12-2023,PROD018,175,2800,No,4690,0.562989737
INF0881,TikTok,599023,2.48,19-11-2023,PROD013,491,39771,Yes,4997,1277.58
INF0882,YouTube,318017,8.52,25-09-2024,PROD015,122,10736,No,4975,38.22104442
INF0883,Instagram,760369,6.87,09-02-2024,PROD016,204,11220,No,3103,35.47161767
INF0884,TikTok,887624,9.92,23-03-2024,PROD011,371,20034,Yes,3431,410.53
INF0885,YouTube,776373,5,16-12-2023,PROD007,169,14027,No,4043,20.9405094
INF0886,YouTube,212440,6.57,16-04-2024,PROD003,456,10488,Yes,2738,258.77
INF0887,Instagram,172358,2.3,04-02-2024,PROD016,488,34648,Yes,604,825.74
INF0888,Instagram,112026,3.77,19-05-2024,PROD010,358,6444,Yes,3606,158.99
INF0889,TikTok,647537,5.23,16-03-2024,PROD004,272,12512,Yes,2236,400.64
INF0890,YouTube,470088,2.65,30-09-2024,PROD014,202,18988,Yes,2474,603.18
INF0891,Instagram,635861,4.3,02-12-2023,PROD020,461,8298,No,1671,36.3519368
INF0892,Instagram,286101,6.9,27-07-2024,PROD013,311,9019,Yes,1311,200.11
INF0893,YouTube,617910,5.19,22-10-2024,PROD006,124,10664,Yes,3167,572.41
INF0894,Instagram,150636,6.37,10-06-2024,PROD007,171,11115,No,1236,49.23222503
INF0895,TikTok,634567,5.03,30-10-2024,PROD004,204,16116,Yes,4926,393.75
INF0896,Instagram,827114,8.3,11-01-2024,PROD004,132,12540,Yes,3158,597.71
INF0897,YouTube,238533,2.01,06-09-2024,PROD008,158,9638,Yes,3247,1074.47
INF0898,Instagram,455415,3.35,19-07-2024,PROD014,189,8505,No,2081,23.76973179
INF0899,YouTube,211665,2.73,30-08-2024,PROD001,197,5319,Yes,3885,235.98
INF0900,TikTok,451229,1.95,17-06-2024,PROD018,320,18240,Yes,3984,443.04
INF0901,Instagram,712417,1.97,28-12-2023,PROD006,193,19300,No,3350,33.26229039
INF0902,TikTok,321076,7.83,07-02-2024,PROD006,207,18837,No,4813,19.11752121
INF0903,TikTok,851390,2.83,16-08-2024,PROD001,209,8987,No,4818,8.702563697
INF0904,Instagram,506482,2.22,24-05-2024,PROD019,499,20958,Yes,1080,678.91
INF0905,YouTube,21160,6.21,04-08-2024,PROD009,375,16500,Yes,704,452.3
INF0906,TikTok,502875,3.02,04-07-2024,PROD005,123,7134,No,1814,14.76357926
INF0907,YouTube,682149,5.76,13-12-2023,PROD017,371,31906,Yes,3675,1339.46
INF0908,YouTube,886230,6.8,25-05-2024,PROD001,264,13992,Yes,4858,1853.25
INF0909,TikTok,570081,7.91,04-01-2024,PROD012,451,23452,Yes,751,696.32
INF0910,TikTok,535176,4.24,18-07-2024,PROD009,354,27612,Yes,4560,769.35
INF0911,TikTok,705318,7.28,17-03-2024,PROD019,174,13746,Yes,3506,1835.25
INF0912,YouTube,393089,2.51,04-06-2024,PROD009,213,15549,Yes,4186,1153.49
INF0913,YouTube,675245,5.79,28-10-2024,PROD019,455,18655,No,4834,35.37723978
INF0914,TikTok,146093,5.59,20-02-2024,PROD013,358,8234,No,789,39.45508681
INF0915,YouTube,850088,7.63,24-12-2023,PROD016,154,1694,Yes,1234,38.02
INF0916,Instagram,856267,4.71,03-08-2024,PROD013,459,22950,No,2291,49.80678852
INF0917,YouTube,895553,9.36,06-05-2024,PROD010,477,6678,No,1257,21.6319544
INF0918,YouTube,607549,9.9,20-10-2024,PROD020,150,7200,Yes,4143,222.22
INF0919,YouTube,429839,9.34,17-08-2024,PROD016,84,3360,Yes,2580,137.48
INF0920,Instagram,290383,7.82,13-03-2024,PROD013,187,11594,No,4923,31.84624544
INF0921,Instagram,663627,3.37,25-07-2024,PROD018,71,5609,Yes,2269,454.54
INF0922,Instagram,60941,1.15,22-11-2023,PROD009,473,46827,No,1893,37.52804336
INF0923,TikTok,276934,6.34,31-08-2024,PROD002,145,12035,No,4477,37.8331892
INF0924,Instagram,878413,2.85,05-04-2024,PROD010,498,10956,No,2292,46.0529467
INF0925,Instagram,346095,9.24,11-02-2024,PROD008,389,5446,No,876,4.937604912
INF0926,YouTube,769582,4.49,13-03-2024,PROD017,82,1804,Yes,3341,59.5
INF0927,Instagram,232405,4.67,23-01-2024,PROD019,214,14124,Yes,4090,284.87
INF0928,YouTube,522412,5.64,17-12-2023,PROD004,497,48706,No,2416,47.19099767
INF0929,Instagram,460230,1.28,08-11-2024,PROD014,59,2124,No,899,12.4958204
INF0930,TikTok,649652,5.1,17-05-2024,PROD009,451,26158,Yes,2840,2116.34
INF0931,TikTok,422596,7.24,22-05-2024,PROD017,299,22126,Yes,1697,1662.36
INF0932,TikTok,454265,4.68,29-05-2024,PROD007,219,16644,Yes,1701,417.77
INF0933,YouTube,809440,4.33,23-03-2024,PROD015,342,30096,Yes,1491,1647.29
INF0934,Instagram,936118,8.38,03-12-2023,PROD004,451,18491,No,1830,8.34372955
INF0935,YouTube,570813,8.55,08-04-2024,PROD011,431,35342,Yes,776,745.45
INF0936,TikTok,992978,5.58,24-08-2024,PROD018,130,8970,No,787,23.95111277
INF0937,Instagram,536390,4.27,05-07-2024,PROD008,61,732,No,1158,34.0423338
INF0938,Instagram,762691,7.32,19-09-2024,PROD011,276,10764,Yes,2795,828
INF0939,TikTok,663859,4.26,16-03-2024,PROD007,392,32928,Yes,3335,4349.8
INF0940,YouTube,291140,4.21,19-05-2024,PROD019,464,14384,No,4241,0.885702047
INF0941,Instagram,955000,6.05,03-04-2024,PROD012,325,6175,Yes,2510,493.61
INF0942,YouTube,76433,1.59,11-09-2024,PROD002,478,28680,No,1300,44.96807224
INF0943,YouTube,397589,5.56,08-04-2024,PROD009,330,20460,No,2053,13.88444062
INF0944,TikTok,325626,4.74,02-11-2024,PROD010,467,11675,Yes,2803,406.51
INF0945,Instagram,322349,6.45,17-11-2023,PROD015,347,24984,No,2682,22.69387072
INF0946,Instagram,71602,5.51,11-04-2024,PROD013,459,14229,No,536,28.49675629
INF0947,Instagram,312379,7.77,14-03-2024,PROD016,208,10816,No,3200,7.681883386
INF0948,YouTube,651098,6.06,25-06-2024,PROD008,312,26208,No,3319,41.52908902
INF0949,YouTube,358038,5.52,11-05-2024,PROD016,62,3224,Yes,1903,214.65
INF0950,YouTube,559797,8.88,19-08-2024,PROD014,78,1092,No,1523,24.86231509
INF0951,YouTube,297205,5.67,05-02-2024,PROD003,225,16650,Yes,743,557.04
INF0952,TikTok,185542,5.89,22-04-2024,PROD010,360,14760,Yes,839,445.79
INF0953,TikTok,216546,9.18,28-09-2024,PROD015,152,8208,No,3893,27.46698018
INF0954,YouTube,116168,4.94,17-01-2024,PROD011,177,7257,No,1828,49.88038387
INF0955,Instagram,181613,2.32,26-12-2023,PROD016,325,18200,No,1320,37.39327629
INF0956,Instagram,712989,2.68,11-10-2024,PROD018,242,8470,No,3779,5.62983555
INF0957,YouTube,549395,8.13,03-12-2023,PROD006,303,26058,No,512,2.698372969
INF0958,Instagram,312159,4.68,18-03-2024,PROD002,444,23532,Yes,4774,2170.85
INF0959,Instagram,884759,2.4,15-06-2024,PROD008,264,15048,Yes,2512,352.99
INF0960,TikTok,524940,3.54,19-04-2024,PROD003,408,31008,Yes,2564,1729.39
INF0961,TikTok,404763,2.29,10-01-2024,PROD014,390,23400,Yes,2905,607.63
INF0962,Instagram,839590,4.63,13-06-2024,PROD011,292,12264,Yes,4044,298.03
INF0963,YouTube,316056,1.58,06-03-2024,PROD006,199,6169,No,1187,26.14254407
INF0964,TikTok,281171,3.63,05-08-2024,PROD014,415,31955,Yes,1731,1755.77
INF0965,TikTok,984964,4.38,28-04-2024,PROD002,362,8688,No,4449,4.744604395
INF0966,TikTok,239609,2.47,25-09-2024,PROD020,485,23280,Yes,3819,720.07
INF0967,TikTok,512436,4.05,09-01-2024,PROD001,269,3228,Yes,1146,135.18
INF0968,YouTube,902695,4.32,26-09-2024,PROD020,76,1292,Yes,1098,35.16
INF0969,Instagram,246943,8.54,10-04-2024,PROD005,490,39200,No,2766,9.825328639
INF0970,Instagram,256975,9.55,20-08-2024,PROD012,324,24948,Yes,1264,550.12
INF0971,YouTube,270948,9.88,13-07-2024,PROD017,331,19198,Yes,1416,479.35
INF0972,YouTube,214983,6.18,30-11-2023,PROD016,364,14196,No,1408,0.187718027
INF0973,YouTube,209169,7.21,13-08-2024,PROD019,450,21600,Yes,2176,1583.58
INF0974,Instagram,35600,2.69,20-12-2023,PROD019,358,5012,Yes,3071,127.92
INF0975,TikTok,49857,4.62,06-06-2024,PROD017,169,3042,Yes,2694,122.96
INF0976,TikTok,692645,4.03,09-01-2024,PROD010,369,35424,Yes,4269,742.17
INF0977,TikTok,724772,7.95,24-06-2024,PROD002,341,31031,No,2256,13.68454565
INF0978,TikTok,355103,2.96,01-09-2024,PROD015,227,3178,No,3353,9.43058238
INF0979,YouTube,339152,6.11,29-04-2024,PROD007,54,5400,No,4465,31.90707412
INF0980,YouTube,854496,7.25,29-09-2024,PROD015,268,26532,No,2020,12.34167226
INF0981,Instagram,582207,3.65,22-08-2024,PROD020,326,3586,Yes,4299,77.77
INF0982,YouTube,115194,5.46,17-01-2024,PROD005,149,11473,Yes,2771,469.44
INF0983,YouTube,280265,1.47,01-06-2024,PROD001,239,20076,No,2967,2.16853835
INF0984,TikTok,983468,8.97,07-07-2024,PROD001,330,32010,No,1403,40.17029363
INF0985,Instagram,400620,2.19,08-02-2024,PROD002,303,9393,No,2082,30.203057
INF0986,Instagram,144404,9.3,24-05-2024,PROD016,139,4309,Yes,3633,138.42
INF0987,YouTube,889054,4.68,01-01-2024,PROD001,223,19624,Yes,4853,486.1
INF0988,Instagram,803321,7.26,28-04-2024,PROD010,394,12608,Yes,1091,1843.27
INF0989,YouTube,407519,3.13,13-10-2024,PROD005,481,30784,Yes,940,1283.74
INF0990,TikTok,544524,1,28-06-2024,PROD012,245,19355,Yes,1454,3863.27
INF0991,TikTok,381382,7.79,19-08-2024,PROD012,491,48609,No,1661,19.68103105
INF0992,TikTok,41969,5.85,04-01-2024,PROD005,468,38376,No,1518,11.82876374
INF0993,YouTube,290722,3.99,17-05-2024,PROD011,329,32900,No,1963,17.07676883
INF0994,Instagram,533315,2.31,21-12-2023,PROD007,190,14060,Yes,789,1590.5
INF0995,TikTok,422832,3.09,24-12-2023,PROD006,430,23220,Yes,3328,1640.99
INF0996,Instagram,857948,1.71,02-11-2024,PROD003,453,6342,Yes,4749,177.35
INF0997,YouTube,733393,1.73,10-08-2024,PROD011,169,10985,No,961,38.51453399
INF0998,YouTube,604459,2.94,13-10-2024,PROD010,156,2184,No,3916,8.430125294
INF0999,Instagram,10105,6.17,19-02-2024,PROD001,134,3618,Yes,2020,94.74
INF1000,Instagram,337284,3.71,05-07-2024,PROD006,279,17019,Yes,4725,369.9
